"","baseMean","log2FoldChange","lfcSE","stat","pvalue","padj"
"ENSG00000000971",82.8143048505563,5.89371261991014,0.711660457266966,8.28163565887042,1.21494823256576e-16,7.57260368637732e-15
"ENSG00000002549",14164.3297001085,2.48776986043997,0.230373202560138,10.7988682398533,3.48472282078568e-27,4.38119265731008e-25
"ENSG00000004468",276.492272558215,4.48753784271217,0.589468368482545,7.61285606259812,2.68104314610566e-14,1.32260787669544e-12
"ENSG00000006611",2.02753390434595,4.02212647891163,1.6534471692257,2.43257030147215,0.0149920808299877,NA
"ENSG00000006747",21.4581049315692,2.51376476330753,0.487804285244185,5.15322402723295,2.56045775289654e-07,3.89593302069362e-06
"ENSG00000007908",5.55105488242159,5.05286438345094,1.53922653873536,3.28272951140929,0.00102807259468839,NA
"ENSG00000008517",13.4851806202924,3.04160468815465,0.681279600803569,4.46454683887068,8.02383947706706e-06,8.69229523261593e-05
"ENSG00000010030",478.273762087617,6.13508274017831,0.561601049785265,10.9242722080454,8.82449817794803e-28,1.14885567403084e-25
"ENSG00000012779",123.663115949647,2.76505621964155,0.234511567348943,11.7907029103058,4.35887738096025e-32,7.4925015731162e-30
"ENSG00000015520",1.80419127651476,3.35695505899611,1.66822850120666,2.01228731949369,0.0441896583525671,NA
"ENSG00000017483",53.1699978100951,3.6267636280924,0.4703452024653,7.71085494033496,1.24977653748564e-14,6.40969309504871e-13
"ENSG00000023445",401.231067052633,4.44014168589596,0.394939336257527,11.242591654635,2.51877442723514e-29,3.64592598342287e-27
"ENSG00000026950",4130.69203544585,2.07158685877745,0.23823006146489,8.69574077276036,3.44574307108394e-18,2.43772472829546e-16
"ENSG00000028137",7.33382758832409,3.46785525340569,0.955062378548007,3.63102487470809,0.000282297971682863,0.00197617561977931
"ENSG00000042062",39.8273190707211,2.39862293895428,0.464192915952478,5.16729759658772,2.37502941451677e-07,3.6465734248568e-06
"ENSG00000043143",864.453007841194,2.11361948143619,0.3276057100365,6.45171746609881,1.10589611412173e-10,3.27482184426735e-09
"ENSG00000043462",3.31235002431987,4.15135738563838,1.49667226525648,2.7737250712847,0.00554184906404603,NA
"ENSG00000049249",14.687759448476,7.45475378471354,1.27616352161138,5.84153492751508,5.17220314666502e-09,1.13345431905303e-07
"ENSG00000050628",16.9317681934651,4.6196514230255,0.877346783349519,5.26547940985055,1.39823991051839e-07,2.28220137323632e-06
"ENSG00000055332",22341.1375781524,2.11211624746562,0.112170324696674,18.8295456322973,4.32455210691599e-79,2.11441767680812e-76
"ENSG00000056558",139.345335656618,3.12496435774891,0.575865843962578,5.42654923974269,5.74539805049607e-08,1.01861601858996e-06
"ENSG00000058085",15.0315576452039,2.37856180954663,0.575292623951142,4.13452512776982,3.55689336871804e-05,0.000323771176244292
"ENSG00000059378",4351.25480422591,5.23843802527059,0.266249435416256,19.6749263226823,3.53690437733835e-86,1.89802366122435e-83
"ENSG00000060491",3296.9697885573,2.43385131397846,0.147673395974417,16.4813120055836,4.99881721543721e-61,1.8641351927805e-58
"ENSG00000065371",2.56331532984295,3.01229637445338,1.53051838456764,1.96815432263124,0.0490502840766001,NA
"ENSG00000067066",1681.46446633548,8.043542276179,0.486656875293953,16.5281591292027,2.30063230492333e-61,8.727329650504e-59
"ENSG00000068079",7286.91071370843,4.27391680325367,0.225270753807496,18.9723554035155,2.88677292103818e-80,1.44351767747004e-77
"ENSG00000069011",1.40387350911883,3.52350060895243,1.79681426033205,1.96097097331657,0.049882409041769,NA
"ENSG00000069696",51.3600397556389,2.26189434034568,0.3498618159714,6.46510775708825,1.01226648702889e-10,3.02607163690348e-09
"ENSG00000072163",138.262194847526,2.03802118057742,0.301483054858214,6.75998583580722,1.38005231335685e-11,4.70758310053912e-10
"ENSG00000072858",27.8465055586658,3.15755328698195,0.556774043051996,5.67115749447226,1.41835930335155e-08,2.84733041900919e-07
"ENSG00000073282",2.09673009777142,4.38748965895249,1.66387489388634,2.63691078883014,0.00836648313873551,NA
"ENSG00000073756",424.242198962525,4.56023021177937,0.42756210477053,10.6656557279014,1.47355927724347e-26,1.81124308479949e-24
"ENSG00000075073",16.7581309116821,2.6700710263368,0.551184035145411,4.84424594343047,1.270934243848e-06,1.65756344002037e-05
"ENSG00000075884",2.28869061763838,2.98273963995823,1.43315386170959,2.08124174218124,0.0374117845924707,NA
"ENSG00000078081",14.7716167660494,2.22745167260641,0.640587324815895,3.47720222726321,0.000506675504523194,0.00328942887297708
"ENSG00000079263",39.1668790713151,2.37150120596094,0.415061171813492,5.71361853868272,1.10598769233869e-08,2.27632752168717e-07
"ENSG00000081041",549.074849317395,2.88908243572388,0.315379017372813,9.16066788396599,5.15771008517952e-20,4.09674863877689e-18
"ENSG00000085117",4722.67183576136,2.05053147372354,0.206499944624926,9.92993716026414,3.08449867989183e-23,3.18615680539812e-21
"ENSG00000087237",18.1234362091658,4.5840912439123,0.807686061550719,5.67558543118976,1.38215142551567e-08,2.78225943862725e-07
"ENSG00000088053",2.88107158976015,-3.21605638105972,1.37881312965686,-2.33248169159812,0.0196753649682119,NA
"ENSG00000089127",7238.39378707361,7.26575137326363,0.326202246131446,22.2737625489428,6.63862479587581e-110,5.21653652710213e-107
"ENSG00000090339",798.495675874748,2.21442611574649,0.34065959512726,6.50040729050726,8.01028422623578e-11,2.45805123494616e-09
"ENSG00000091879",48.8369339178418,2.95528639985187,0.37552199326368,7.86980910004054,3.55182810066938e-15,1.9391395005193e-13
"ENSG00000092607",24.1092306789024,3.79787092233681,0.576000412714333,6.59352118245853,4.29515439631533e-11,1.37357539284491e-09
"ENSG00000096696",16.8169652413563,3.3023899531924,0.605755983078733,5.45168359115186,4.98951743109185e-08,8.95427100480285e-07
"ENSG00000099869",1.6852580654924,3.31503121940992,1.63892491835843,2.02268644663131,0.0431054851259508,NA
"ENSG00000099937",3.20776038311885,-3.27692242316767,1.32191672589615,-2.47891743781833,0.0131781806157293,NA
"ENSG00000100336",147.814735954894,3.31651043107782,0.43850195734922,7.56327395007857,3.93048586836969e-14,1.90901876547174e-12
"ENSG00000100342",137.820221688852,6.70764637565084,0.792335578875092,8.46566348209926,2.54698577364307e-17,1.68284627602687e-15
"ENSG00000100346",13.8261132813265,2.31283729282245,0.570251825517044,4.05581742894977,4.99592726061981e-05,0.000435846120492296
"ENSG00000100867",8.46534184427235,2.15839171643146,0.698705044077835,3.0891314363991,0.00200742607823674,0.0105562592192555
"ENSG00000100911",3092.89544814934,2.07330476286369,0.1441186715956,14.3860940425639,6.32696230398236e-47,1.85607766149627e-44
"ENSG00000101000",46.1495842685284,2.12306229273124,0.391761609905493,5.4192709011059,5.98425812186702e-08,1.05670663882278e-06
"ENSG00000101017",1.90998853847801,4.75870377211544,1.71989090991653,2.76686372645948,0.0056598408429709,NA
"ENSG00000101342",3.44004119394145,3.83833821492898,1.53530923671452,2.50004241695491,0.0124178437361288,NA
"ENSG00000101347",12107.3121506556,4.16640672876661,0.206313267501906,20.1945651833958,1.0928454715545e-90,6.49859082841677e-88
"ENSG00000101445",167.054846535149,2.29799526048661,0.246595049312966,9.31890265797717,1.1754971333496e-20,1.00245302046349e-18
"ENSG00000102287",2.99479714581666,3.4220500220767,1.39121868824845,2.45974989480991,0.0139033867668338,NA
"ENSG00000102524",78.2779088231713,3.03633203633137,0.586785727048167,5.17451583494655,2.28502731741783e-07,3.5256080671688e-06
"ENSG00000103241",19.17123353123,6.07526190103067,1.12752902509236,5.38812018655843,7.11984364018686e-08,1.23736808666186e-06
"ENSG00000103966",1253.69801724808,2.75165424653451,0.330741888976716,8.31964241072656,8.82290896300768e-17,5.56222472791103e-15
"ENSG00000104213",349.677951891519,2.93184098086494,0.481646158558078,6.08712626223802,1.14955313623381e-09,2.84185034869845e-08
"ENSG00000104321",12.7642091813935,3.00317305297682,0.659102441590939,4.55645869817712,5.20232627948083e-06,5.94914671523583e-05
"ENSG00000104413",1.11490321781483,3.5705210988042,1.81197699557189,1.97051127444214,0.0487798041368874,NA
"ENSG00000104415",28.8876237305618,2.83400727626224,0.442833546412682,6.39971226032906,1.55670033369367e-10,4.52450736353079e-09
"ENSG00000104432",129.355412357627,2.32502750337534,0.249807355387146,9.30728200445527,1.31145329010147e-20,1.10554004937979e-18
"ENSG00000104518",72.3867757185924,4.46383457755502,0.460857597332432,9.68593032510019,3.46043509047332e-22,3.3102822982867e-20
"ENSG00000104856",583.100453224307,2.01410644298331,0.155195312008893,12.9778819792436,1.63335083562691e-38,3.74343594640242e-36
"ENSG00000104951",52.2952387185937,4.18101869471578,0.745243846779186,5.61026932699332,2.02011976362795e-08,3.93333407427807e-07
"ENSG00000105559",4709.21741407386,2.69852499047891,0.237347612610078,11.3695055147326,5.93227029545529e-30,8.93985007127447e-28
"ENSG00000105929",1.55284385620745,3.97386373006336,1.78379029409836,2.22776396037742,0.0258962593153327,NA
"ENSG00000106560",258.102612402538,4.18523211018798,0.408530024765128,10.244613263356,1.25124267600243e-24,1.36964384862713e-22
"ENSG00000106785",1099.49916404082,5.43347527310511,0.274369173626459,19.8035194744674,2.77604284578099e-87,1.56611524853522e-84
"ENSG00000106952",1.84755065792377,3.93857904600821,1.7878242153962,2.20300128619489,0.0275946579881785,NA
"ENSG00000107201",24098.7003671699,4.6070465943904,0.150006792071352,30.7122532971641,3.90536996418545e-207,2.14814874880021e-203
"ENSG00000108381",3.51031431340924,2.45643720812351,1.22248108381489,2.00938668143472,0.0444961415720955,NA
"ENSG00000108679",25503.6340222262,3.43378829547414,0.137645780760077,24.9465568542155,2.32723455895651e-137,2.56019073830805e-134
"ENSG00000108771",689.006151170393,5.70211731757785,0.452123614593282,12.611854664365,1.81666906528247e-36,3.99703527743449e-34
"ENSG00000109047",1.6275148352043,-4.18116333019087,1.75001913649897,-2.38921006232856,0.016884645183866,NA
"ENSG00000109511",6.72826201992217,3.98662775877033,1.17270385969743,3.39951789687032,0.000675047619023522,0.00419440771357118
"ENSG00000110057",1883.40837183203,2.58764970324959,0.247987605433812,10.4345928850877,1.72350955711369e-25,1.98537472647201e-23
"ENSG00000110324",16.4842807806266,4.20206853153026,0.764440596515967,5.49691964383068,3.86482701237062e-08,7.06261826629388e-07
"ENSG00000110446",410.782063486987,5.5457618121079,0.470604687473754,11.7843318600969,4.70133440911765e-32,8.01850850150439e-30
"ENSG00000110944",27.5881947305861,2.02790510446525,0.407424732173204,4.97737359646382,6.44528452896257e-07,8.99233672835983e-06
"ENSG00000111181",15.5754622930163,2.5865481131641,0.549217051100383,4.70951895608817,2.48302121420165e-06,3.0166445474801e-05
"ENSG00000111331",4995.03178638135,5.22315212460999,0.222448674844314,23.4802573144819,6.49077925395797e-122,5.95042188106596e-119
"ENSG00000111335",12092.8779276531,8.38107612084425,0.378119923868183,22.1651269658194,7.4559449280395e-109,5.6567482864388e-106
"ENSG00000111801",2192.36177860277,2.27300294152063,0.268241612852517,8.47371486231841,2.37688815917294e-17,1.57518955656997e-15
"ENSG00000111837",70.301034145525,3.05304340148837,0.37381861480943,8.16717862764751,3.15685298009544e-16,1.89256346779455e-14
"ENSG00000111912",1207.69980479532,3.05602450368817,0.404918325048414,7.54726154545555,4.44505367968355e-14,2.14945211121753e-12
"ENSG00000112297",37.8498333653674,2.30145208866473,0.530903779388065,4.33497024887909,1.45779837144863e-05,0.000148699488959726
"ENSG00000112343",26.4459763028546,4.44599461614113,0.634346337690183,7.00878109004323,2.40403245434603e-12,9.2958738243447e-11
"ENSG00000112773",1693.27771374694,2.65420467095524,0.228477042612564,11.6169425190611,3.38017580880701e-31,5.59177655228359e-29
"ENSG00000112782",3.68244617113586,2.24232268405134,1.05733913192584,2.12072230786272,0.0339451780940061,NA
"ENSG00000113263",6.11480560771792,4.49602747607234,1.23769503968501,3.63258099282403,0.000280600460421933,NA
"ENSG00000113749",12.6649604464253,2.17995458197825,0.58718521790899,3.71255017239915,0.00020518136978721,0.00149532974430546
"ENSG00000115009",4.02910958902731,4.21489588639667,1.43848130312386,2.93010126530213,0.00338851558121121,NA
"ENSG00000115155",2.40438343319547,4.22542995741301,1.66623524320345,2.53591440623314,0.0112154142971788,NA
"ENSG00000115267",13809.4450982792,5.40262297343317,0.298019918623822,18.1283955729573,1.90228888649583e-73,8.04887693859256e-71
"ENSG00000115386",3.2180300399956,-2.49110441166214,1.18027011830218,-2.11062228301229,0.0348047908073235,NA
"ENSG00000115415",60387.4109266966,3.67780957964498,0.13077731342925,28.1226879739709,5.17266641200165e-174,9.48408386640503e-171
"ENSG00000115919",7.45808117034227,4.65230895807859,1.23529754765113,3.76614441348546,0.000165787921021146,0.00124663904248368
"ENSG00000116194",3697.60391070808,3.71391212772295,0.299392108858873,12.4048430731139,2.45994226083647e-35,5.25472326436156e-33
"ENSG00000116701",12.0048559012854,3.56632853248695,0.794293622906163,4.48993725952182,7.12441552094828e-06,7.84541492952473e-05
"ENSG00000116774",29.9807016013784,2.2072481314166,0.3972644511594,5.5561179082972,2.75840578105983e-08,5.21395566966309e-07
"ENSG00000117009",45.34212805189,3.96916123141931,0.76623995555083,5.18004993431331,2.21826511890422e-07,3.43706120747398e-06
"ENSG00000117226",378.28244894674,5.9337269208224,0.611871964337474,9.69766105764848,3.08489180997295e-22,2.96392094336353e-20
"ENSG00000117228",8302.06838623849,6.35439197732362,0.456866754216474,13.9086329190693,5.61422776322287e-44,1.56359796514468e-41
"ENSG00000117266",52.9102798001239,2.49947261450067,0.363319282621287,6.87954846895932,6.00425669723248e-12,2.18717973265743e-10
"ENSG00000117595",1.87099733835411,3.4178363967354,1.63838649374335,2.08609898200906,0.0369696579058647,NA
"ENSG00000119630",67.7192205434678,4.20876849642696,0.478643824031423,8.7931114643415,1.45474020778573e-18,1.06336192862796e-16
"ENSG00000119915",6.26636722398362,2.07341116650089,0.812798069576945,2.55095483627328,0.0107428246070579,0.0430841921040817
"ENSG00000119917",33216.6146244561,4.34185937515601,0.20950122125668,20.7247449399657,2.07222490948416e-95,1.30265978452773e-92
"ENSG00000119922",38498.3482114036,4.74736133522826,0.318059949490557,14.9259953755014,2.23278712325208e-50,7.1196785921438e-48
"ENSG00000120217",680.519023209252,7.78359019256604,0.636190463631644,12.2346854244467,2.02889353275689e-34,4.05815595524701e-32
"ENSG00000120949",7.44825260567247,6.65670935937406,1.35504324480009,4.91254385047771,8.9902267892429e-07,1.21277112088855e-05
"ENSG00000121060",6146.17278369556,2.64023987318095,0.0952179792357883,27.7283754010671,3.17699404385393e-169,4.66001486352494e-166
"ENSG00000121281",87.6246132808238,2.32996294816235,0.237961978387263,9.79132449626271,1.22678194066708e-22,1.19962916704698e-20
"ENSG00000121858",588.76490223744,7.54849920000467,0.673005266821461,11.2161071720219,3.39905841153452e-29,4.88797929219494e-27
"ENSG00000122012",11.851358650333,2.82559125613794,0.686161436453718,4.11796860916787,3.82226744315931e-05,0.000345086287584699
"ENSG00000123329",4.28381395901587,2.68810280578532,1.11262210902862,2.4160070018132,0.0156917595975799,NA
"ENSG00000123609",2654.32869301606,4.53899858087739,0.305652817067521,14.8501774805324,6.93847211675281e-50,2.18086090732565e-47
"ENSG00000124201",11006.0099061622,3.37547138826241,0.235684666684489,14.3219812970742,1.59509947361605e-46,4.55784137902602e-44
"ENSG00000124253",24.099545686641,2.61800830881452,0.46653034793973,5.61165703448028,2.00398314682755e-08,3.90537087657216e-07
"ENSG00000124256",47.447155614731,7.64079281162079,1.3639818460037,5.60182881759561,2.12101969764624e-08,4.10076233634557e-07
"ENSG00000124875",19.8613168466196,3.44233011508582,0.58124538751353,5.92233536649905,3.17401502504622e-09,7.2972495904981e-08
"ENSG00000124882",18.926184575728,5.63362324258493,1.01591683932218,5.5453586598128,2.93352222293895e-08,5.52124516245532e-07
"ENSG00000125144",345.509530235301,-2.15004715774019,0.507322906344041,-4.23802499523279,2.25494669555216e-05,0.000215522750632227
"ENSG00000125347",1893.3534901736,4.07109246154331,0.333983108361743,12.1895160552067,3.53514458587376e-34,6.94466528378522e-32
"ENSG00000125384",16.7016301293778,7.59343248421464,1.26272582831323,6.01352432487903,1.81532676121353e-09,4.33197607377659e-08
"ENSG00000125657",78.7808199255277,2.68363370830524,0.277769888840534,9.66135573408357,4.40001925461737e-22,4.13714630940562e-20
"ENSG00000125726",19.7542904127686,4.66322409291677,0.777400125597416,5.99848641564494,1.99165177565931e-09,4.72711136656484e-08
"ENSG00000125730",109.06561270421,9.5150623891454,1.22814631674009,7.74749902308186,9.3720054669417e-15,4.9095920067536e-13
"ENSG00000125740",14.3152783937795,2.87998465750414,0.709991941493828,4.05636245876908,4.98428913132631e-05,0.000435003290231818
"ENSG00000126353",4.29325283047895,3.62567349679983,1.27755550479052,2.83797728020774,0.00454004141180945,NA
"ENSG00000126709",35865.7930137278,5.12738667184682,0.219410497483951,23.368921408247,8.85100645117487e-121,7.78959375754998e-118
"ENSG00000127951",736.788805282392,3.18337016476834,0.425149095303476,7.48765597747776,7.01145159458012e-14,3.32469737034379e-12
"ENSG00000128203",1018.25193232441,3.43001125908229,0.396660553712593,8.64722046842996,5.2768960836494e-18,3.72122652668122e-16
"ENSG00000128284",112.972311118752,6.11097383908502,0.716464916270525,8.52934135406795,1.47183288654584e-17,9.96408220608666e-16
"ENSG00000128335",4853.1291102822,2.42281959559447,0.247508756976056,9.7888237377753,1.25750224699692e-22,1.22422851497461e-20
"ENSG00000128383",2.79974725077227,2.3613993179232,1.20411720539421,1.96110420758426,0.049866868014869,NA
"ENSG00000128394",63.0243875018201,4.01828665804375,0.447355702836163,8.98230788736672,2.65145660094325e-19,2.01859336103645e-17
"ENSG00000128573",4.88998238242406,2.45959221622857,0.945977148438028,2.60005457879166,0.00932089346853754,NA
"ENSG00000128815",7.08213706655155,2.49655471865205,0.857169488509611,2.91255667883477,0.00358483136604923,0.0172665192022363
"ENSG00000129048",12.0464453997378,3.51223909360189,0.827273840121314,4.24555802838736,2.18050066463894e-05,0.000209777666931796
"ENSG00000129667",13.2104346261353,3.3907555249729,0.746577207246761,4.54173458827839,5.57932554763976e-06,6.31462555036883e-05
"ENSG00000130032",7.65678949664724,-2.04445744516419,0.799030342542197,-2.55867310202456,0.0105072494190922,0.0422994688727099
"ENSG00000130303",10654.6570344877,5.59862229031956,0.137667765794156,40.6676338358737,0,0
"ENSG00000130589",12892.2863457259,6.17287648718087,0.281226914262598,21.9498069854612,8.69698999072268e-107,6.37837245919602e-104
"ENSG00000130775",1186.38748103639,4.2201540376661,0.407857927136316,10.3471178488474,4.31273569729189e-25,4.86609286214442e-23
"ENSG00000130813",2511.64501796232,4.07567759279111,0.245101339518081,16.6285406714003,4.33012776485806e-62,1.67142931723521e-59
"ENSG00000131203",20.2564311082834,5.08528730484852,0.888996546319652,5.72025541145356,1.06364041049039e-08,2.20359852275044e-07
"ENSG00000131979",667.538233019883,4.86821390030902,0.613987117715978,7.92885348868342,2.21178297135147e-15,1.23199111229557e-13
"ENSG00000132109",3290.44284507609,3.74252118247707,0.133854359471068,27.9596510510814,5.03172882179402e-172,8.51600750285476e-169
"ENSG00000132256",6385.31968788245,2.03493540665038,0.153318343671865,13.2726153825768,3.33726533166138e-40,8.25016986822625e-38
"ENSG00000132274",20452.9255434298,3.34445292012887,0.211537299879759,15.8102278984837,2.64508273543477e-56,8.95340159154398e-54
"ENSG00000132530",1244.35138472179,8.04706101923611,0.418962024648929,19.2071370334321,3.22571716427371e-82,1.68981497734167e-79
"ENSG00000133048",166.94227605734,2.85560221485001,0.431515910965082,6.61760584554919,3.65062821410329e-11,1.18119297009854e-09
"ENSG00000133106",3268.93115530753,6.93344785459005,0.370003611306483,18.73886535893,2.38662652406292e-78,1.07164401596801e-75
"ENSG00000133321",4032.11861961354,3.68308223366233,0.342773497265037,10.7449445860003,6.25995023544485e-27,7.7814364452123e-25
"ENSG00000133328",14.8379792324936,2.99431689356157,0.613544955246177,4.88035451674465,1.05895307715675e-06,1.40018543290882e-05
"ENSG00000134216",1.21889491373481,3.96228236354942,1.85872872017793,2.13171632876589,0.0330301736394975,NA
"ENSG00000134321",34072.1901956019,8.77908089542587,0.405096410945138,21.6715839939022,3.80441415742695e-104,2.70015226747445e-101
"ENSG00000134326",9634.5036824595,6.58026899092929,0.261001207201573,25.2116419746952,2.98560723737581e-140,3.6494072464857e-137
"ENSG00000134438",2.40698270288518,3.87070208391747,1.58157607797093,2.4473701504662,0.0143902967205474,NA
"ENSG00000134470",13.4447787443734,3.43354254472017,0.731592937791679,4.69324178426921,2.68909351622152e-06,3.24016624008247e-05
"ENSG00000134668",35.7962768392256,2.33129115638066,0.424701031697882,5.4892523972936,4.03638501122569e-08,7.35779146785315e-07
"ENSG00000134917",26.7214089456228,2.26694433600698,0.478252317163588,4.74005928387706,2.13655696127736e-06,2.63648492776357e-05
"ENSG00000135077",44.2810069020235,3.77656954607167,0.492038846255073,7.67534834864216,1.6496972003746e-14,8.36328059968707e-13
"ENSG00000135094",45.9998028965651,3.09913264298332,0.427589406243073,7.24791727235061,4.23228967612469e-13,1.82228644724257e-11
"ENSG00000135114",5714.07497018191,9.29156719373835,0.499928243608573,18.5858016875984,4.18696620741454e-77,1.84243260991069e-74
"ENSG00000135269",5.39809665658526,-2.24806266740976,0.929821944370455,-2.41773457920681,0.0156174639481466,NA
"ENSG00000135378",12.0389027843442,4.93585627730978,1.14543952337928,4.30913738924251,1.63892535636241e-05,0.000165032657623276
"ENSG00000135406",9.05747653213125,2.04034284756668,0.691903960455584,2.94888158498647,0.0031892615032638,0.0156594803826847
"ENSG00000135604",15.0663728808158,3.22788052195867,0.647670710840384,4.98382969606629,6.23379518327522e-07,8.71512579471512e-06
"ENSG00000135625",24.9443869057717,7.7241983985491,1.23477158751948,6.25556862226332,3.96070136556563e-10,1.0562830478203e-08
"ENSG00000135697",256.560404823669,3.5896542172579,0.428653511762381,8.37425594041974,5.55738640360039e-17,3.56482844466518e-15
"ENSG00000135899",1601.12568718564,3.34914008129026,0.157900948049742,21.2103861481263,7.65819336182863e-100,5.2654865733423e-97
"ENSG00000136147",1677.32606465675,2.65813222550987,0.23778397863701,11.1787692372986,5.18034158560675e-29,7.30627407477691e-27
"ENSG00000136244",1.68700619799464,4.53686973554767,1.73627373159855,2.61299221026092,0.00897533479046622,NA
"ENSG00000136514",1231.15682723656,7.53241746086447,0.381047178341949,19.7676767838573,5.65193500393228e-87,3.10884684891295e-84
"ENSG00000136574",3.12819603965177,4.16596347768994,1.44103615817701,2.89094999736863,0.00384079224914144,NA
"ENSG00000136826",156.877861615584,4.67393250545417,0.336547999231872,13.8878629976165,7.50409526042291e-44,2.06381379899781e-41
"ENSG00000137198",338.66218713881,3.28940633868171,0.456461128466936,7.20632302191748,5.74829494480871e-13,2.43687833093798e-11
"ENSG00000137392",1.84023902255416,-4.81614254176121,1.71685477447134,-2.80521253944978,0.00502834109265395,NA
"ENSG00000137571",176.938258074515,2.05750293448883,0.50652198259503,4.06202100834354,4.86496977129278e-05,0.000425602643769319
"ENSG00000137573",56.3626814396482,2.06099823198256,0.365031832941998,5.6460780841271,1.64149313791169e-08,3.24785359895082e-07
"ENSG00000137628",9280.5765167053,3.29747654077955,0.116759581696933,28.2415926201128,1.80539134361847e-175,3.61111094020851e-172
"ENSG00000137673",55.4591270371775,2.25582751679415,0.346644765887044,6.50760588010501,7.63579309059116e-11,2.35627937698719e-09
"ENSG00000137709",1.89845339949226,3.44767539104827,1.58720569747104,2.17216671824048,0.0298430900534443,NA
"ENSG00000137752",1270.7164417487,5.1833015835492,0.467519250127072,11.0868195954292,1.45364406792791e-28,1.97426399892284e-26
"ENSG00000137959",56059.241535115,4.03265962987779,0.0999129469820904,40.361732404917,0,0
"ENSG00000137965",7211.21112629757,3.88640413790486,0.133161448191893,29.1856553880696,2.94919700508824e-187,9.26974750085021e-184
"ENSG00000138035",14393.5291316917,3.18941051350477,0.209884596420631,15.1960199457079,3.75768933288894e-52,1.23398030898839e-49
"ENSG00000138135",76.4815282515579,7.00516411448374,0.793636922811662,8.82666105007583,1.07847010534151e-18,7.98939368946931e-17
"ENSG00000138435",78.3257190933388,2.66320643960861,0.331833917254411,8.02572100418165,1.00931372175987e-15,5.84392644898966e-14
"ENSG00000138496",11818.7981015841,3.20235764353298,0.113241995642381,28.2788873983292,6.28450249900467e-176,1.38271623983101e-172
"ENSG00000138642",7563.03990729185,5.25120421626893,0.132059159590212,39.7640287319998,0,0
"ENSG00000138646",10760.8189040526,5.62155877431545,0.24822203537198,22.6472994868933,1.48328056141447e-113,1.20870884860152e-110
"ENSG00000138670",751.110651389202,3.15532467373893,0.410499595345639,7.68654758619715,1.51158479574205e-14,7.71644748861175e-13
"ENSG00000138755",86.0175424909842,7.42017974921091,0.870294318989923,8.52605789478539,1.51419500499303e-17,1.02194228527168e-15
"ENSG00000139192",69.7741110302823,2.60387096730329,0.336160447264094,7.74591713122525,9.48943866998331e-15,4.94755046485718e-13
"ENSG00000139572",2.09094228764693,4.38067085122278,1.57893445459373,2.77444756397437,0.00552955472832308,NA
"ENSG00000139832",86.7387627590465,3.40455909531319,0.567881257269638,5.99519538940629,2.03240925234521e-09,4.81346268784706e-08
"ENSG00000139865",4.85964730457797,2.77248255196468,1.00127730513682,2.76894576331763,0.00562379961644933,NA
"ENSG00000140105",4909.88153021529,3.48781470075588,0.505442687936233,6.90051470523183,5.181445718879e-12,1.90958406544013e-10
"ENSG00000140297",2.6936398121713,3.63868764994297,1.4781766093831,2.46160548532935,0.0138316717411367,NA
"ENSG00000140464",1228.56406181073,3.38982728973327,0.305749043980122,11.08695957183,1.45137186549873e-28,1.97426399892284e-26
"ENSG00000140853",4977.28139114511,3.57325916068706,0.27256592311305,13.1097061579668,2.897187330454e-39,6.78126762177116e-37
"ENSG00000140968",3.28180804275342,4.20990330529567,1.68397363351454,2.49998172270036,0.0124199714061919,NA
"ENSG00000141161",1.44535188232479,3.97255673688309,1.8283712834903,2.17272978018972,0.0298006610295019,NA
"ENSG00000141448",1.71527272891419,4.08732776727145,1.75416705515745,2.33006756982138,0.0198025801336329,NA
"ENSG00000141497",170.106665272016,3.09633529165603,0.416975442034632,7.4257018028387,1.12183483002692e-13,5.17455134806128e-12
"ENSG00000141574",132.087069788601,8.97210359061635,1.24689852408018,7.1955362985412,6.22157318347667e-13,2.6223573406677e-11
"ENSG00000141655",63.8770119750124,4.18789156741784,0.480690058257725,8.7122491831784,2.97903928341394e-18,2.12119166063668e-16
"ENSG00000141682",1016.44684270819,3.35007933770528,0.247157049501331,13.5544559399154,7.456293761184e-42,1.93003970980671e-39
"ENSG00000142089",7643.96206706391,4.30572332816056,0.204664358336631,21.037973407556,2.94706387160924e-98,1.96488785767111e-95
"ENSG00000142609",4.96868713924964,2.8295687231513,1.20005074934667,2.35787421881264,0.0183799194850233,NA
"ENSG00000144230",168.249769459096,2.23914023077666,0.273146737963995,8.19757265807731,2.45289551372622e-16,1.48673848741059e-14
"ENSG00000144802",610.496680691255,2.23698229008436,0.184749717617902,12.1081770458284,9.55951291000516e-34,1.79767865851225e-31
"ENSG00000145103",2.81245278101892,3.84593385200642,1.5376864618004,2.50111706615626,0.0123802247474427,NA
"ENSG00000145113",8.36557216567253,2.11569066963784,0.709705925973933,2.98108074373829,0.00287233048867806,0.0143141597761936
"ENSG00000145192",3.58498067631645,2.44943881955854,1.17214802706192,2.0897009277047,0.0366446736290725,NA
"ENSG00000145526",5.52603687478719,2.49119480456982,0.88968116073251,2.80009841111924,0.00510870293858512,NA
"ENSG00000146285",2.61030849901561,3.39655643779989,1.5442950568548,2.1994219451285,0.0278479336364253,NA
"ENSG00000147647",4.87731880470758,3.455413103141,1.07818786697765,3.20483397093601,0.00135140409361321,NA
"ENSG00000147655",134.673788308691,2.06151285228286,0.294913536936558,6.99022796205632,2.74439950245939e-12,1.05195606015874e-10
"ENSG00000149131",464.810376080803,3.08064192930941,0.31998475510458,9.62746468438027,6.12213184230804e-22,5.68350821917559e-20
"ENSG00000149295",3.16852206258484,-2.44935816152579,1.18203940489307,-2.07214594656205,0.0382518325403433,NA
"ENSG00000149418",1.66259771239583,4.27975522200418,1.90643595119815,2.24489850777019,0.0247746487701929,NA
"ENSG00000150337",2.21990751868135,3.86889946875155,1.60030157877361,2.41760648122118,0.0156229622469622,NA
"ENSG00000151615",4.8900988390475,3.73699796583904,1.23481482763556,3.02636304829178,0.00247514917874434,NA
"ENSG00000152207",1.55306044940552,3.91927520825439,1.72016842827767,2.27842526570412,0.0227012524873778,NA
"ENSG00000152689",671.385102288559,4.58470316541117,0.410178571416869,11.1773346656661,5.2647469153671e-29,7.37802303387943e-27
"ENSG00000152778",18152.0375004509,2.79935096051648,0.103398681409035,27.0733719460359,2.02741990260861e-161,2.78795579357466e-158
"ENSG00000153064",15.192185072478,3.12328638327526,0.671452739542223,4.65153569170724,3.29472235399304e-06,3.89943417065922e-05
"ENSG00000154451",183.303327477201,9.37105842944102,1.17924020755687,7.94669175066189,1.91558275035951e-15,1.07516968554617e-13
"ENSG00000155629",219.630788172163,4.96994131686295,0.586469389978405,8.4743405227781,2.36414956540907e-17,1.57148092864442e-15
"ENSG00000156218",11.2089977869586,2.15571053915624,0.616125779344551,3.49881568248862,0.00046732951441804,0.00307205974790132
"ENSG00000156219",537.843401466393,2.33346530990654,0.357123380073065,6.53405920785452,6.40106208277061e-11,1.99484657146061e-09
"ENSG00000156587",14026.8690120103,2.99582479142247,0.129783801313844,23.0831949834629,6.83004596261734e-118,5.77979504882718e-115
"ENSG00000157303",1.93251855898523,4.37572215037942,1.70501101707086,2.56638937025565,0.0102763400191661,NA
"ENSG00000157551",6.60426733501656,2.46418129347835,0.841129182580349,2.92961098545996,0.00339386590243076,0.0164911302087636
"ENSG00000157601",46017.9518789667,7.249653396824,0.254067514082423,28.5343579756997,4.39213046910278e-179,1.07372949534666e-175
"ENSG00000157657",869.774190905212,2.40866814655673,0.315294529635216,7.63942257210572,2.18198074763475e-14,1.08370068644379e-12
"ENSG00000157703",6.53036688621829,2.786064419761,0.882634246373265,3.1565333332679,0.00159656637917655,0.00868421593934299
"ENSG00000157856",9.46124767348407,2.07431162522214,0.692157264412429,2.99687907918299,0.00272758881964074,0.013701463289894
"ENSG00000157873",46.9648375314777,3.82529014826828,0.488262612076302,7.83449326992601,4.70737287375722e-15,2.53852004824525e-13
"ENSG00000159314",116.651937242769,3.76850848510754,0.610419235444578,6.17363979751207,6.67354872949585e-10,1.70932967574351e-08
"ENSG00000160013",1.6110860391323,3.38093433283505,1.70911579387686,1.97817745582114,0.0479086910416413,NA
"ENSG00000160223",37.6172222012949,3.92160610653564,0.512072883624843,7.65829676192872,1.88415111776928e-14,9.44307355197257e-13
"ENSG00000160932",3234.38774658661,3.64408400068151,0.318612388646509,11.4373581522108,2.72043565456768e-30,4.21514262477452e-28
"ENSG00000161133",478.019068072429,4.29706586337078,0.21474190046179,20.0103745665387,4.47275211719288e-89,2.58972347585468e-86
"ENSG00000162496",311.621385100928,2.14114010582957,0.335815548887209,6.37594093818663,1.81842999181735e-10,5.21630986700983e-09
"ENSG00000162510",22.9566221212729,3.30090893040537,0.5654987353204,5.8371641247529,5.30967869575973e-09,1.15781517011007e-07
"ENSG00000162595",262.718590302173,3.22434993038635,0.384965156695262,8.37569290183511,5.4899898653436e-17,3.53189348003772e-15
"ENSG00000162620",5.10723157584957,2.71122062340769,0.998821986082703,2.7144182458787,0.00663922853300951,NA
"ENSG00000162645",245.067905976626,3.26319145657025,0.481252610692606,6.78062078847521,1.19660584259068e-11,4.15263749979182e-10
"ENSG00000162654",37.6638724661399,8.11001246811299,1.28623895758246,6.30521445513988,2.87795126520461e-10,7.94487876248831e-09
"ENSG00000162692",21663.1592232617,2.58557588993077,0.224638921502926,11.5099194415296,1.17588192297251e-30,1.87476478762617e-28
"ENSG00000162706",1060.6292375068,2.95155580570033,0.401265891491639,7.35561100079655,1.90055745051218e-13,8.55134254113884e-12
"ENSG00000162763",1.44790730739681,4.25357649451326,1.87183795420317,2.27240637201631,0.0230619772104204,NA
"ENSG00000162772",1293.07286317892,4.28573722829554,0.267259529112524,16.0358631272269,7.17793378278923e-58,2.50680792204648e-55
"ENSG00000163082",30.0371512702805,2.10223115151399,0.413628211101274,5.0824172411182,3.7266169389382e-07,5.46620172603455e-06
"ENSG00000163121",30.8911569813448,5.45677188759988,0.809920849313009,6.73741377596147,1.61230557745502e-11,5.44078946551614e-10
"ENSG00000163131",186.015651222409,4.05034360063791,0.580620365179443,6.97588965792844,3.0394121607511e-12,1.15604256378834e-10
"ENSG00000163565",6593.32299103755,3.84774487119764,0.240233830525366,16.0166653580098,9.77539811575062e-58,3.36059858348039e-55
"ENSG00000163568",145.844380927445,2.36496970029786,0.299629315665792,7.89298502065052,2.95043039914531e-15,1.62288424104988e-13
"ENSG00000163644",5782.754908931,2.0268865476568,0.118596154611201,17.090659931611,1.7419137345061e-65,6.9682883612006e-63
"ENSG00000163705",4.430181038946,-2.10521653499789,1.06779244951672,-1.97155967524467,0.0486598943607018,NA
"ENSG00000163734",145.820433399592,2.73223437569824,0.250457141116572,10.9089897118428,1.0441022013843e-27,1.3513139196975e-25
"ENSG00000163735",58.8040180104881,2.1505135452509,0.332449466159789,6.46869303203293,9.88541797739639e-11,2.96320117627623e-09
"ENSG00000163739",65.5477701108731,4.9624684840018,0.482088913192446,10.2936789214665,7.5245311241175e-25,8.27773668964166e-23
"ENSG00000163814",83.377176259139,2.6627257547292,0.342874500211035,7.7658902983171,8.10737013097513e-15,4.28794128898353e-13
"ENSG00000163823",206.515713339419,3.43409187050523,0.52569727847746,6.53245130058719,6.47018390944255e-11,2.01251125719778e-09
"ENSG00000163840",13523.4520837902,3.50030685043114,0.116305155341394,30.0958873246555,5.48455348502735e-199,2.41342291555143e-195
"ENSG00000164122",6.73328755041474,2.69170803904782,0.832651420612394,3.23269494582515,0.00122628434318346,0.00693521905243689
"ENSG00000164128",9.25600658887041,3.39774889680662,0.820672069717557,4.14020291683131,3.46998736282019e-05,0.000317054244006519
"ENSG00000164136",31.1458549035846,5.66591186399613,0.819049583623829,6.9176664969753,4.59143616279626e-12,1.69782820930829e-10
"ENSG00000164236",115.261801007203,2.99374042043868,0.282265074601074,10.6061312214051,2.79066189269303e-26,3.37363422873802e-24
"ENSG00000164308",3429.63770382165,2.40559099725549,0.212396699912174,11.3259339634288,9.76326600737564e-30,1.46130189587945e-27
"ENSG00000164330",3.2187243391907,3.2987661987045,1.31691284599769,2.50492369994719,0.0122477811512846,NA
"ENSG00000164342",2226.87557797533,3.80058093579094,0.307592992148407,12.3558762156624,4.52795494751396e-35,9.48800616716212e-33
"ENSG00000164483",1.59198339753945,4.01789116634097,1.69613464672682,2.36885153787446,0.017843414345027,NA
"ENSG00000164588",4.75998512005471,3.45754630326197,1.26533257176089,2.73251979789811,0.00628518939661713,NA
"ENSG00000164626",15.6065944672963,7.53038098203272,1.26002950435549,5.97635289967636,2.28188408084938e-09,5.36962711730995e-08
"ENSG00000164674",27.2621079351644,2.13317924194903,0.439412534586814,4.85461627523868,1.20620079331451e-06,1.57875251960178e-05
"ENSG00000164794",19.442071094115,5.04018566021185,0.869748709870287,5.79499067145904,6.83249788041747e-09,1.46519121213397e-07
"ENSG00000165462",16.273365082212,2.49467451334176,0.693965823661142,3.59480889156854,0.000324629782886453,0.00224113727112261
"ENSG00000165949",4361.12631154929,8.76905217296405,0.585772009853234,14.970077138307,1.15187571385243e-50,3.72699550826195e-48
"ENSG00000166035",2.70260653039294,3.09184516507376,1.38868298369455,2.22645859521371,0.025983479406373,NA
"ENSG00000166710",110619.014955657,2.15346166215602,0.199612788289826,10.788194887741,3.9140171250399e-27,4.89296618097318e-25
"ENSG00000166743",1.83502123961198,3.3839959687064,1.5841938023265,2.13609973965102,0.0326712849855322,NA
"ENSG00000166863",20.3178215888037,3.32785958499227,0.702121035785762,4.73972351685486,2.14010039528883e-06,2.63937718033323e-05
"ENSG00000167034",28.12243787073,3.0755619455174,0.491065461370363,6.26303861186809,3.77547085272602e-10,1.01302328904485e-08
"ENSG00000167207",147.276782748955,5.37278114175695,0.560312907736492,9.58889411179458,8.90341675647655e-22,8.12833923136918e-20
"ENSG00000167355",2.96844409725774,2.92488059584877,1.35064027147453,2.16555115201445,0.0303455025716599,NA
"ENSG00000167580",1.73106413872025,4.21013845168419,1.69481045232711,2.48413528834646,0.0129866459578882,NA
"ENSG00000167711",4.92078111384751,2.20073921491347,0.926453080293779,2.37544594726331,0.0175277593877751,NA
"ENSG00000168062",2202.83886168106,7.11132623153176,0.339459308545779,20.9489798998184,1.91693488779155e-97,1.24048239415264e-94
"ENSG00000168124",5.42358621535474,3.04660885235381,1.11738729822706,2.72654688055595,0.00640008602778983,NA
"ENSG00000168334",9.06864578087204,3.37533427086867,0.936417932957476,3.60451690647188,0.000312734092149764,0.00216922304397198
"ENSG00000168394",14903.4445782513,3.13504915518637,0.231200793162149,13.5598546713793,6.9273201440887e-42,1.81446306916952e-39
"ENSG00000168404",112.139118187766,6.11040916631296,0.551250446772983,11.0846334947813,1.489591887749e-28,2.010674890445e-26
"ENSG00000168899",307.008734843545,2.34737314480828,0.342300027264185,6.85764813859213,7.00034189477121e-12,2.50849384965401e-10
"ENSG00000168925",5.79353899360938,-2.19299394102611,0.861734091471969,-2.54486153295868,0.0109321078843305,NA
"ENSG00000168961",217.165496947092,4.81531859413677,0.562800577314535,8.55599441122394,1.16856961588278e-17,7.98474182877422e-16
"ENSG00000169245",12420.7702899084,9.41464980055859,0.649411803535642,14.4971953840409,1.26201927550205e-47,3.80369152049261e-45
"ENSG00000169248",751.371659724901,8.97950996509106,0.750298958017705,11.967909416821,5.233059433038e-33,9.13791854330969e-31
"ENSG00000169271",5.70578187230268,3.60126837268233,1.06413313348182,3.38422727323513,0.000713788920332695,NA
"ENSG00000169429",8.59588038701809,6.7486656026362,1.34059014887088,5.0341005476732,4.80097646429029e-07,6.83254101987806e-06
"ENSG00000169994",8.21174033869833,3.79545563858154,0.977023716080051,3.88471188172321,0.000102451311609944,0.000817011148257331
"ENSG00000170298",3.00586796143432,5.34285449981457,1.51068260888079,3.53671543473509,0.000405135929061027,NA
"ENSG00000170379",46.4401464296617,2.17362015938917,0.343215237796007,6.33311088792939,2.40266752193267e-10,6.76003718894664e-09
"ENSG00000170421",3.66758719072656,2.06392744175338,1.02189276099724,2.01971040458221,0.0434134352310232,NA
"ENSG00000170454",2.60716200870355,4.68249185399752,1.55942030686395,3.00271314499821,0.00267584520346347,NA
"ENSG00000170581",13711.4375119646,2.90032840158193,0.215476451988986,13.4600712737287,2.68656947457906e-41,6.71703427041914e-39
"ENSG00000170689",17.4530179326315,5.33002161226723,0.949185724004996,5.61536217567383,1.96150952723683e-08,3.83278264815851e-07
"ENSG00000170959",132.032460899994,2.325615956444,0.311968336059838,7.45465384665809,9.01040802959395e-14,4.18539835259178e-12
"ENSG00000171126",6.44312444537996,3.98418775425474,1.20977929745134,3.2933178495022,0.000990124734741063,0.00583535335953133
"ENSG00000171509",2.19237855849489,4.42061006438325,1.57012287752282,2.81545484602941,0.00487082412380768,NA
"ENSG00000171522",32.6972981813145,3.26094671529907,0.473963886220694,6.88015861567279,5.97859544232321e-12,2.18144373004967e-10
"ENSG00000171561",1.30301310623545,4.05916676167615,1.91888273415882,2.11538031450138,0.0343975462103372,NA
"ENSG00000171621",371.237833562205,2.41949469769585,0.348146608780521,6.94964315800976,3.66211336606415e-12,1.37497983413214e-10
"ENSG00000171855",240.521285398008,10.463271075605,1.20157443211612,8.70796747661968,3.09372042647249e-18,2.19574312333057e-16
"ENSG00000171916",9.10220368075612,4.45002999400443,1.05088703079212,4.23454649606834,2.29013399205704e-05,0.000218506192945529
"ENSG00000171999",2.27666204448144,4.44542996882486,1.59752315913201,2.78270142339608,0.00539083912831019,NA
"ENSG00000172183",248.068295554036,4.80788355440928,0.596004636774897,8.06685595673505,7.21315660658976e-16,4.22084765048372e-14
"ENSG00000172403",15.7912132518037,3.32311688684235,0.653072553597599,5.08843446036156,3.61031508552735e-07,5.32043888223528e-06
"ENSG00000172578",1.55284385620745,3.97386373006336,1.78379029409836,2.22776396037742,0.0258962593153327,NA
"ENSG00000172936",566.336296317838,3.38219642113272,0.200332775921029,16.8828910076401,6.01268462946359e-64,2.36234084316889e-61
"ENSG00000172971",11.2840926892036,2.36307985993863,0.626049267577442,3.77459088656521,0.000160270469514408,0.00121011354504324
"ENSG00000173193",24755.3098674798,3.11863806111991,0.127053524281546,24.5458603274091,4.78841888094158e-133,5.01689486754651e-130
"ENSG00000173221",395.183753625601,2.36252226629299,0.378352312002592,6.24423901043006,4.25868366591342e-10,1.12891033755936e-08
"ENSG00000173821",27434.0522781297,2.58339550875648,0.253123184890258,10.2060801339731,1.86237274412477e-24,2.00862378020751e-22
"ENSG00000174640",11.4292859728347,-2.29339213991726,0.624140257278374,-3.67448199851397,0.000238332445961489,0.00170529771578689
"ENSG00000174808",189.844342510108,4.62129547462687,0.44781768240263,10.3195913342071,5.74672321357661e-25,6.41824386523414e-23
"ENSG00000175121",2.65182892234428,5.25706674177085,1.5667060427439,3.35549018025341,0.000792244690830227,NA
"ENSG00000175535",21.4960196254889,-3.10675614453479,1.40247600069901,-2.21519380223714,0.0267467651106989,0.089346237466064
"ENSG00000175745",35.7260766425522,2.01616435277331,0.363342055952019,5.54894298566844,2.87401875394663e-08,5.41852276129681e-07
"ENSG00000175779",2.15991632994595,3.38673762309278,1.52493819819312,2.22090155988333,0.0263576295649883,NA
"ENSG00000176697",265.519441869794,2.639494395627,0.233433367107043,11.3072712283529,1.20787785746456e-29,1.79565733918481e-27
"ENSG00000176754",1.26384791504737,4.01268025149021,1.92443243335375,2.08512399913008,0.0370580463329775,NA
"ENSG00000177409",8060.35597774809,3.96278571938587,0.292661746134134,13.5404977648484,9.01757915531404e-42,2.30703228575837e-39
"ENSG00000178078",190.992747305727,2.32644492168702,0.240460318550842,9.67496398452589,3.85227261850353e-22,3.65334923070322e-20
"ENSG00000178685",4009.98284184739,3.61738218329009,0.144670576202303,25.0042702410451,5.49339581142364e-138,6.36135234962857e-135
"ENSG00000178821",2.01320260464248,3.3609012340883,1.64730065112874,2.04024762072751,0.0413256688926619,NA
"ENSG00000178965",401.557188009803,3.69473994446335,0.592896245126383,6.23168045814791,4.61458009942086e-10,1.21447358071122e-08
"ENSG00000179348",3.71597492845543,4.21390253856986,1.40460792529039,3.00005607450824,0.00269929907762339,NA
"ENSG00000179750",51.3589819746236,2.13133993921093,0.300271031746311,7.09805380430981,1.26525930150407e-12,5.10793305535642e-11
"ENSG00000180269",64.8877573311947,3.36520155404749,0.406837323751288,8.27161461740599,1.32156894074477e-16,8.19074924908915e-15
"ENSG00000180318",6.03085991437656,2.08224039677306,0.87829262209509,2.37078206555584,0.0177504940408063,NA
"ENSG00000180616",284.071097019873,2.76075705148372,0.46541730657535,5.93178855293977,2.9965237063486e-09,6.93994890390335e-08
"ENSG00000180644",2.47631703253202,3.39001481984656,1.53483505879589,2.20871604438465,0.0271943977439866,NA
"ENSG00000181074",9.09494360312308,2.75274701014836,0.792980445361101,3.47139330641985,0.000517765038932512,0.00334956377141815
"ENSG00000181109",2.78262174099892,2.87831143653576,1.35100658314323,2.13049401272281,0.0331308495929668,NA
"ENSG00000181143",10.2912703054267,2.19679232433594,0.809312071539288,2.71439460943379,0.0066397023175186,0.0289797124360334
"ENSG00000181381",13922.9050281423,4.65008974447354,0.242456165402786,19.1790946489172,5.5335484064073e-82,2.83137516366915e-79
"ENSG00000181541",4.28160513142467,4.69971955018034,1.39397143765844,3.37146043542671,0.000747707776269776,NA
"ENSG00000181649",34.2759494884029,2.96101868921839,0.464394819579868,6.37608036174302,1.81677620963847e-10,5.21630986700983e-09
"ENSG00000181963",5.25258340834109,6.1275522159045,1.5046430030309,4.07242927628772,4.65253296282647e-05,NA
"ENSG00000182179",5715.58318851255,4.05688076141822,0.234150178693636,17.3259776441438,2.99561127834111e-67,1.22054517307521e-64
"ENSG00000182393",21.8621470035331,8.24356877552848,1.28752429601855,6.40265104201942,1.52701937255572e-10,4.44999738211536e-09
"ENSG00000182798",5.93119515394198,2.12357686013679,0.813773124158244,2.60954410645276,0.00906629576566644,NA
"ENSG00000183153",18.3266233592201,2.51050978806787,0.593204428560028,4.23211572132392,2.31503235787889e-05,0.000220213324418726
"ENSG00000183305",1.69537357563877,3.83364649199506,1.63462145156501,2.34528091401508,0.0190127487369017,NA
"ENSG00000183486",1359.90876794298,9.91539956284658,0.820035082757348,12.0914333683216,1.17223528600359e-33,2.18572209852975e-31
"ENSG00000183549",7.07445106935088,2.27333199628795,0.830748479480758,2.73648649674189,0.00620991435215686,0.0273874062645836
"ENSG00000184012",14.0281056997425,3.8532938398545,0.762394013934213,5.05420264250265,4.32192540381129e-07,6.24366400096231e-06
"ENSG00000184144",338.901166615207,3.8515759183796,0.56144630302461,6.8600966782228,6.88139612349627e-12,2.47392937106479e-10
"ENSG00000184571",2.46800095460005,3.91086716752251,1.52183822172005,2.56983108434633,0.0101748113465355,NA
"ENSG00000184795",22.161158752688,3.13513229827843,0.568137061506802,5.51826752854935,3.42357973841673e-08,6.35084212956625e-07
"ENSG00000184860",2.0114396407331,3.48947167098767,1.65697515046321,2.10592878837814,0.0352105385530545,NA
"ENSG00000184898",580.700825633864,2.38748048718462,0.16764446989307,14.2413316031685,5.0750701913205e-46,1.4315601839671e-43
"ENSG00000184979",5634.48549223435,4.26522047910077,0.142491340419376,29.9331907928405,7.28221841208811e-197,2.67038949171271e-193
"ENSG00000185101",4.24130515658526,5.47097631027318,1.54147443139017,3.54918394938229,0.000386427032998497,NA
"ENSG00000185201",1201.23853919861,3.97537893900899,0.40206885948152,9.88730871656004,4.72561162722621e-23,4.83594916382471e-21
"ENSG00000185215",202.805615450386,5.54713579102455,0.55326289423581,10.026220534248,1.16906145629689e-23,1.2366197193002e-21
"ENSG00000185338",113.283256597555,4.32312359798439,0.529069034536225,8.17118998804001,3.05362308277008e-16,1.83567800729801e-14
"ENSG00000185404",311.077927569364,5.26134093125146,0.497675629084257,10.5718275595141,4.02571999222628e-26,4.84010334803075e-24
"ENSG00000185436",2.44379423079217,4.94262056634135,1.51998499574315,3.25175615560916,0.00114694373923042,NA
"ENSG00000185467",3.87699462490341,5.3458832140667,1.40571253865286,3.80297042750279,0.000142971428006141,NA
"ENSG00000185507",2564.87349564766,3.98975620501289,0.152417731952696,26.176456990261,4.92730833802619e-151,6.37709635607366e-148
"ENSG00000185559",235.283046134691,4.1636229724017,0.253628454307734,16.4162297316604,1.46384654961081e-60,5.36792529742284e-58
"ENSG00000185614",107.568109077775,2.23862073525148,0.241105091055607,9.28483395124649,1.61959513034954e-20,1.35491756874337e-18
"ENSG00000185742",57.344219656245,-2.09813647574529,0.308803250132706,-6.79441189444616,1.0875525527162e-11,3.81024383198435e-10
"ENSG00000185745",72520.4988442267,5.22883984751497,0.218713306479194,23.9072781244446,2.57289507155958e-126,2.57312897111154e-123
"ENSG00000185885",6273.8130816221,10.2267400374972,0.563901232932699,18.1356936999599,1.6658371450464e-73,7.18661742457075e-71
"ENSG00000186038",3.72720767420453,5.44208797180205,1.46798596387269,3.70717984076994,0.000209580116852491,NA
"ENSG00000186056",33.2168831865997,2.6848598929015,0.392911732667074,6.83323929951581,8.30182975785912e-12,2.94133427266371e-10
"ENSG00000186326",9.62653001912609,-2.2455747791408,0.664572765536246,-3.37897502815788,0.00072756616602629,0.0044802437125414
"ENSG00000186806",163.134135562995,2.63812298035907,0.254485998827372,10.3664759260434,3.52277479307697e-25,3.99526242254018e-23
"ENSG00000187608",41840.1373910025,6.23041674416357,0.21367288697941,29.1586678695644,6.48661053121452e-187,1.78398006134727e-183
"ENSG00000187783",7.36887766592804,2.60127721101481,0.860633399582442,3.02251482719226,0.00250683801653882,0.0127468107325831
"ENSG00000187889",23.3548136393632,2.15198804458221,0.435847219551029,4.93748255822074,7.91374817348478e-07,1.07746464921418e-05
"ENSG00000187912",9.48279049734234,4.13727028977565,1.00306866681556,4.12461322604186,3.71358273129952e-05,0.000336378127847064
"ENSG00000188282",54.1060067364588,7.04670580808468,0.919638753448461,7.66247157556263,1.82388507842281e-14,9.16189942818691e-13
"ENSG00000188313",9939.95398352331,4.11095877247322,0.148009660849691,27.7749354256546,8.71224410784835e-170,1.36919139186342e-166
"ENSG00000188404",6.69784853812074,3.20948943278016,1.00412892901722,3.19629216929485,0.00139206072657626,0.00774415173353498
"ENSG00000188596",108.291984179939,2.24533807745427,0.270810598773205,8.29117504124964,1.12135120631323e-16,7.0290510658985e-15
"ENSG00000189129",2.96388537086823,-3.86463692532964,1.52148505519032,-2.5400426459307,0.0110838952898559,NA
"ENSG00000189233",2.74098484223607,3.26009464731647,1.42078797273513,2.29456802132167,0.0217578926827182,NA
"ENSG00000196083",365.47589893551,2.30723581008285,0.201568151142159,11.446430385997,2.45029217708746e-30,3.82349847377861e-28
"ENSG00000196092",8.37100037410019,5.92442548437995,1.34594918249916,4.40167100022265,1.07420357939864e-05,0.000112278513795387
"ENSG00000196116",5350.31598679672,2.85818253340031,0.263657324661538,10.8405201223573,2.21209793988243e-27,2.84623268264873e-25
"ENSG00000196184",1.40816624824416,3.67332594587054,1.74798230246477,2.10146632531172,0.035600051043978,NA
"ENSG00000196431",3.72966105475414,2.41393731833658,1.07328756624178,2.24910582612004,0.0245057639751039,NA
"ENSG00000196664",1.75929570874323,3.28449960080623,1.66540514793661,1.97219253517718,0.0485876315132633,NA
"ENSG00000196735",1.86507601842867,3.42100465326068,1.63032780439244,2.09835386726755,0.0358738973106164,NA
"ENSG00000196758",15.3903096402955,4.73566646250832,0.870026340479756,5.44312998603806,5.2352415128725e-08,9.34949543556987e-07
"ENSG00000196778",7.68467370815285,4.70169590730341,1.20499865162601,3.90182669578841,9.54695013030973e-05,0.000767453404337138
"ENSG00000196954",37.1545860251873,3.1880460629548,0.469255069722413,6.79384468843497,1.09183927733662e-11,3.81918088711609e-10
"ENSG00000197046",1.74630839741852,-3.58835938117264,1.65751921145089,-2.16489761106999,0.0303955272068045,NA
"ENSG00000197106",3.06897253510064,-2.45785662498869,1.18955327881465,-2.06620137892256,0.038809468716388,NA
"ENSG00000197110",2.49197961715719,4.80983022975498,1.56280437978842,3.07769180324806,0.00208610541970727,NA
"ENSG00000197261",23.9996345265135,6.31985244544481,1.11317302274278,5.67733166033178,1.36812053682277e-08,2.75653736732368e-07
"ENSG00000197536",721.948879887817,3.72165293542712,0.324462228104391,11.4702193755192,1.86186682824597e-30,2.92605671107627e-28
"ENSG00000197585",3.31117126378731,2.13707464796159,1.08743286302575,1.96524743791102,0.0493856058956976,NA
"ENSG00000197646",57.8865201345771,3.81797224702188,0.704541034054456,5.41909138357834,5.99026944496286e-08,1.05691987432296e-06
"ENSG00000197721",6.26025209260286,5.10331867103794,1.4327263791288,3.56196322297151,0.000368091956233584,0.00249330512486907
"ENSG00000198535",21.9911792072635,2.95654357039931,0.529752693080198,5.58098827815063,2.39155763332154e-08,4.57159435693662e-07
"ENSG00000198626",47.8529113870067,4.97048639010382,0.806726285120073,6.16130462312135,7.21480482082863e-10,1.83091275280129e-08
"ENSG00000198930",13.464989825189,7.45808262886879,1.30816858610453,5.70116322016071,1.18992631702663e-08,2.42639099418164e-07
"ENSG00000198944",3.48783966659281,-2.67175530795872,1.14813555039781,-2.32703822038522,0.0199632311180948,NA
"ENSG00000200494",12.5736103258332,-2.07583262718421,0.718844428510095,-2.88773557233609,0.00388025924317124,0.0184795569134178
"ENSG00000204010",45.2899438973294,4.82041240083489,0.58276384998514,8.27163936293889,1.32129461710166e-16,8.19074924908915e-15
"ENSG00000204033",2.34669828935928,-2.7805878689448,1.36532442746681,-2.03657666486187,0.0416924832009306,NA
"ENSG00000204261",144.183975411622,2.70162455290104,0.200182285648079,13.4958222909419,1.65498286877609e-41,4.18539460675995e-39
"ENSG00000204264",6624.65240272129,2.61785029236504,0.147885357927603,17.7018896870548,4.05470661541621e-70,1.68323877268656e-67
"ENSG00000204267",2092.16319495232,3.17790508450312,0.251881930263349,12.6166457481906,1.70948734198699e-36,3.79920611094927e-34
"ENSG00000204397",70.1330804112105,5.09454255103151,0.785450533564747,6.48614054396279,8.80630243930095e-11,2.67619152305938e-09
"ENSG00000204482",9.08611102549538,3.44293656936534,0.824500596417069,4.17578420722421,2.96961232851335e-05,0.000274526934672062
"ENSG00000204525",25561.0135573061,2.75929486368021,0.228831038317837,12.0582193917578,1.75536990856091e-33,3.21847072734644e-31
"ENSG00000204540",2.68939432223821,3.02489453753986,1.34537503067706,2.24836530228868,0.0245529058060417,NA
"ENSG00000204592",17476.6043255489,3.54570719804852,0.294737541952502,12.0300494282467,2.47012842374674e-33,4.41851752677039e-31
"ENSG00000204632",191.130805152152,2.99569251201069,0.423160459054574,7.07932995134676,1.44853124256473e-12,5.80520663003811e-11
"ENSG00000204642",2329.18632897779,3.91240512363584,0.316694581323486,12.3538745351615,4.64207220857898e-35,9.63536535218441e-33
"ENSG00000204709",8.1160320965514,2.42075818440796,0.845014992746046,2.86475175610935,0.004173362662365,0.0196096034626044
"ENSG00000204983",8.6343547226184,-4.52148184418422,1.04146112778947,-4.34147921947041,1.41526665938051e-05,0.000144966001115875
"ENSG00000205038",4.07067793183382,2.73158036408008,1.11028232789224,2.4602574457487,0.0138837383503194,NA
"ENSG00000205045",3.50515185958666,2.31835437754043,1.13052627593873,2.05068597420735,0.0402975377292431,NA
"ENSG00000205220",387.752603351667,3.35604411322299,0.381356748097087,8.80027462466353,1.36481748858229e-18,1.00095714612625e-16
"ENSG00000205300",15.3820583747103,5.58030471161075,1.12796804401296,4.94721879864413,7.52813421479934e-07,1.03198759497829e-05
"ENSG00000205358",50.2583126660618,-2.77144149258802,0.361458692160793,-7.66738095581653,1.75543817388245e-14,8.85852080315633e-13
"ENSG00000205413",17485.4552606537,5.46168095695603,0.229060772585574,23.8438074547034,1.17408897023763e-125,1.12314371839862e-122
"ENSG00000205482",1.30472477043268,3.88450788644186,1.86056531827954,2.08781054246128,0.0368149282024599,NA
"ENSG00000205502",6.9770819749178,2.94653708978025,0.858326507397416,3.43288604556164,0.000597193037940531,0.0037854915646118
"ENSG00000205837",5.69096429103611,2.37996387156623,0.882616994221418,2.69648543722599,0.0070075461618901,NA
"ENSG00000206190",2327.03608468298,2.08919274200572,0.223154589303054,9.36208728008053,7.8176773149282e-21,6.74527593266864e-19
"ENSG00000206337",38.6389544654682,3.13543103970543,0.45854800714059,6.83773779599943,8.04534744676211e-12,2.86429991138608e-10
"ENSG00000206832",1.55708529562062,4.09612251108728,1.71879145986752,2.38314106552694,0.0171656150818078,NA
"ENSG00000207171",2.80193506566555,5.13063116424034,1.55021625461714,3.30962286646094,0.000934217534882349,NA
"ENSG00000207729",1.30475042028876,3.88450796267384,1.86056780081315,2.08780779769281,0.0368151758947201,NA
"ENSG00000213088",4.52531469684638,3.2352252668169,1.13342690617752,2.85437486015546,0.00431216165113924,NA
"ENSG00000213201",6.15742861109821,2.48047518970476,1.01062243084664,2.45440345869503,0.0141118551145497,0.0534864834160762
"ENSG00000213203",3.44370387953195,3.22965894348956,1.29612659260856,2.4917773942047,0.0127105671451043,NA
"ENSG00000213275",6.32276841280303,6.10980663559183,1.34735224866238,4.53467654183046,5.76918295617392e-06,6.49608819865602e-05
"ENSG00000213886",1.79847171838025,4.65066106387446,1.67096509835999,2.78321855342099,0.00538225366967549,NA
"ENSG00000213928",307.602786235126,2.48036587294424,0.172193946651195,14.404489363198,4.84888315286739e-47,1.44169090715389e-44
"ENSG00000214106",107.195309397504,2.02604752073429,0.293580371406349,6.90116819128215,5.15766226428974e-12,1.90400813991448e-10
"ENSG00000214212",7.93010281550461,2.01388181152427,0.763669336945148,2.63711231300743,0.00836151421602426,0.0351221908707456
"ENSG00000214285",3.83833110200392,4.41157399535946,1.47341038154135,2.99412441409872,0.00275233687609533,NA
"ENSG00000214429",1.41390275865648,3.68414129027954,1.84108122274104,2.00107482753777,0.0453843266207173,NA
"ENSG00000214866",1.37131423907396,4.01315817225176,1.79133464291604,2.24031740139794,0.0250703243282885,NA
"ENSG00000214872",28.9126678408311,2.32882673910436,0.407003598694519,5.7218824270207,1.05350205810789e-08,2.18671247948016e-07
"ENSG00000215160",2.30780868021127,3.58167658939642,1.56928644193186,2.28235999094417,0.0224680954000467,NA
"ENSG00000215174",2.26545439657724,3.54639244226035,1.64845907403353,2.15133787554875,0.0314495408014326,NA
"ENSG00000216490",5.44041090075094,4.20696547720492,1.29272928947551,3.25432827387378,0.00113660854972524,NA
"ENSG00000216863",1.84089494447687,4.48017186814056,1.68539591536071,2.65823111786865,0.00785520037110153,NA
"ENSG00000221963",12675.7953926102,5.39429768931602,0.287774806069609,18.744857352145,2.13242930757718e-78,9.77452283860691e-76
"ENSG00000223023",1.4528513566465,3.79421082116178,1.91049947716909,1.98597846610453,0.0470357150281907,NA
"ENSG00000223722",40.4259261188324,4.63713643580425,0.653664268940724,7.09406442441595,1.30229457579674e-12,5.24781781257871e-11
"ENSG00000223731",2.01281883805324,-4.49087585718771,1.61760952902613,-2.77624221210629,0.00549912243947349,NA
"ENSG00000223806",2.82552393283718,4.41479200194904,1.56430459913267,2.8222073913206,0.0047694323259832,NA
"ENSG00000223823",2.05050410577364,3.73950151262445,1.60452844626505,2.33059221937081,0.0197748721523639,NA
"ENSG00000224289",8.73650155122419,6.77407546326098,1.34258586378643,5.04554356334156,4.52233836607188e-07,6.48634215973361e-06
"ENSG00000224389",1180.60100721063,2.47571516857472,0.26921753269652,9.19596559621364,3.71641558998461e-20,2.97340275675787e-18
"ENSG00000224523",2.12347590783573,4.01460394238323,1.55862313966195,2.57573741863858,0.010002657578864,NA
"ENSG00000224666",3.86117139385067,2.6881404316881,1.17358733370002,2.29053292796972,0.0219904420212218,NA
"ENSG00000224891",8.24049412909129,2.36732080488729,0.772290160049635,3.06532560862247,0.00217433138497264,0.0112962548127906
"ENSG00000224961",3.89718382532711,2.18415954418377,0.989984524912976,2.206256248678,0.0273660628738336,NA
"ENSG00000225075",3.82757336906908,2.52057733801691,1.11816477386217,2.25420921579452,0.0241830093021496,NA
"ENSG00000225101",262.653802158975,8.41272728937203,0.808445233486625,10.4060571340003,2.32659229256036e-25,2.66612935525588e-23
"ENSG00000225131",665.98612453712,2.16613106662,0.147487339664308,14.6868949670546,7.82166382358026e-49,2.42383447107624e-46
"ENSG00000225415",5.23150180617921,4.39020565397475,1.36679005679843,3.21205559854478,0.00131788867761623,NA
"ENSG00000225431",10.1133309155313,7.20896206352809,1.38892638783111,5.19031255125428,2.09941377482021e-07,3.27597885628329e-06
"ENSG00000225492",465.640530157603,7.39093803235741,0.704507665760458,10.4909263469539,9.50914751339274e-26,1.11882493898218e-23
"ENSG00000225670",30.24479175285,2.161823269409,0.435400462828222,4.96513773863833,6.86523281358115e-07,9.48799323897063e-06
"ENSG00000225778",1.84429262301524,4.21410705666045,1.69869790388606,2.48078663488073,0.0131092816907558,NA
"ENSG00000225886",110.747556555685,4.9427566360076,0.375486747063967,13.1635981153965,1.42151654091048e-39,3.3995877101209e-37
"ENSG00000225964",48.4690448659041,5.85769165529326,0.710131558256894,8.2487415003379,1.60071265312575e-16,9.78302216502019e-15
"ENSG00000226025",15.2565749814176,7.70282854138036,1.31999115832009,5.83551525540782,5.36245897112762e-09,1.16701110071958e-07
"ENSG00000226051",1.98692494187088,4.08934495093998,1.62002653714187,2.52424565720671,0.0115946873230745,NA
"ENSG00000226280",2.77737032933138,-2.95721648681479,1.40020071917978,-2.1119946921232,0.0346869045659269,NA
"ENSG00000226508",97.0086840988727,2.02496127330631,0.270193180657974,7.4944943775973,6.655442069672e-14,3.16954624279055e-12
"ENSG00000226835",6.30323723187239,5.11125365607237,1.32938206692744,3.8448342152575,0.000120633967650205,0.000943543745552721
"ENSG00000227308",1.3689754072,3.62224100205531,1.70978897509949,2.11853103207929,0.0341301196642821,NA
"ENSG00000227462",83.6029487322441,2.3193805431731,0.257946767699391,8.99170229524289,2.43430340661883e-19,1.85970637334818e-17
"ENSG00000227578",4.48659949434183,-3.15511391304228,1.11991494278032,-2.81727994914448,0.00484322901013564,NA
"ENSG00000228022",3.1486939027117,2.59487371914581,1.26116885136963,2.05751491271591,0.0396367219431039,NA
"ENSG00000228028",1.48622873771009,3.83984011340535,1.82403061400767,2.10514016810751,0.0352791086093629,NA
"ENSG00000228033",6.37177992719262,2.06229642955326,0.801208989046391,2.57398064393639,0.0100535897468068,0.0408387596793292
"ENSG00000228318",125.682373914982,7.5225506267785,0.753597089045549,9.98219172569524,1.82392671975266e-23,1.90189742597147e-21
"ENSG00000228548",1.62742738848424,-3.30907303225941,1.62775734671235,-2.03290314673921,0.042062309069465,NA
"ENSG00000228810",1.33062832703064,4.08928690504632,1.75196425403526,2.3341154910139,0.0195896753656236,NA
"ENSG00000228838",2.43827280616945,4.17082793084462,1.57444451692572,2.64907901549215,0.00807114586373883,NA
"ENSG00000228882",1.9109077415126,4.32011997991694,1.60296373529852,2.69508279244533,0.00703711431952471,NA
"ENSG00000228948",2.12887778075631,3.6078097233217,1.63698418077874,2.20393682827491,0.0275287870746729,NA
"ENSG00000229241",290.792983027592,2.76657324477662,0.231046267125644,11.9741092517723,4.85625170637153e-33,8.54778000348691e-31
"ENSG00000229455",1.61982160619731,-4.29999480193004,1.82950828300074,-2.35035547085757,0.018755489871872,NA
"ENSG00000229474",37.0712019973692,2.80684707142051,0.409218282757161,6.8590461122827,6.93218620184503e-12,2.48812334115815e-10
"ENSG00000229530",1.41828746258252,-4.05280211335085,1.88460898306929,-2.15047373208974,0.0315177616125933,NA
"ENSG00000229754",1.8625057619495,4.53199144150003,1.65925136971514,2.73134711486066,0.00630759986995929,NA
"ENSG00000229776",15.9835706146506,2.266118199422,0.532310468917802,4.25713626115426,2.07062163216379e-05,0.000200938734988732
"ENSG00000229887",3.33487780525139,-2.08730645109828,1.04933278307083,-1.98917491645487,0.0466818995394002,NA
"ENSG00000230191",22.8048760987319,4.21383362493673,0.736907695591675,5.71826519134581,1.07617097307206e-08,2.22746131227953e-07
"ENSG00000230387",2.74863288147047,4.99634055644321,1.57915194498209,3.163939082822,0.00155649370405607,NA
"ENSG00000230542",2.78519134787436,4.85856239223544,1.51872763473829,3.1991005372551,0.00137857085039475,NA
"ENSG00000230561",4.07396618952295,-2.22694646244942,1.11444774364702,-1.9982511294444,0.0456894408763963,NA
"ENSG00000230841",1.40237843811967,3.66801820820281,1.74796820247944,2.09844675835627,0.0358656984562752,NA
"ENSG00000230997",3.71648650101576,3.07486618154984,1.19859758228842,2.56538660430064,0.0103060902150245,NA
"ENSG00000231395",1.98629738024784,-3.3960378387142,1.57291270404314,-2.15907585334186,0.0308442826328474,NA
"ENSG00000231768",75.8798305368649,2.23635159961662,0.326529198503525,6.84885642651794,7.44426610192668e-12,2.65890816192517e-10
"ENSG00000231789",5.34784436300115,3.43443584719204,1.05826314026877,3.2453514787634,0.00117305737922859,NA
"ENSG00000232031",3.42222376051698,2.47501609274187,1.19364972688657,2.07348607970408,0.0381270652868501,NA
"ENSG00000232310",6.25834199240745,2.8756117951345,0.953196465812315,3.01680912411262,0.00255450609359974,0.0129437842078723
"ENSG00000232810",3.25990368251447,4.18467367237101,1.4367375564445,2.91262217904767,0.00358407959732439,NA
"ENSG00000232884",49.7838648219588,6.99897830548254,0.95192797751418,7.35242420730121,1.94643909316284e-13,8.73990876076914e-12
"ENSG00000232901",2.51559221590633,-3.87419534297475,1.47400964938009,-2.6283378433812,0.00858032527451802,NA
"ENSG00000233030",5.24782934992684,2.90007013769829,1.01253998849957,2.86415368344685,0.00418125092820512,NA
"ENSG00000233419",1.18228514761875,4.20417402681687,1.91898715208585,2.19082968963452,0.0284641192686674,NA
"ENSG00000233473",9.49707357837925,2.20228826636308,0.697868778990373,3.1557340472362,0.00160094764559544,0.00870159340375268
"ENSG00000233483",1.87769565393491,4.24375930715547,1.61729554283382,2.62398503845474,0.00869076027010472,NA
"ENSG00000233532",3.63716571961063,2.7126410379113,1.28645707889828,2.10861371312472,0.0349779382372307,NA
"ENSG00000233725",1.15406840900291,3.62357787395311,1.78526583083784,2.02971334092723,0.0423856860295826,NA
"ENSG00000233975",18.6975613717087,4.97789544154307,0.904571579591408,5.50304205200828,3.73293336152909e-08,6.84433331836358e-07
"ENSG00000234067",4.16832245313823,-2.0449679877225,1.0287816697293,-1.98775702162402,0.0468385691155285,NA
"ENSG00000234175",3.3314161976077,2.6087475760766,1.16007213694563,2.24878047924262,0.0245264659259904,NA
"ENSG00000234183",3.98719304371535,-2.34863459206198,1.08892164620402,-2.15684443435331,0.0310177876288942,NA
"ENSG00000234257",6.64919156232673,2.11653368759257,0.852887570914249,2.481609252816,0.0130790609329397,0.0503614803371611
"ENSG00000234290",49.1987648207524,3.06209057675432,0.358636817832366,8.53813781658524,1.36402176907852e-17,9.26271819853877e-16
"ENSG00000234534",3.01740711337827,4.17078780881937,1.46359315030734,2.84969071353166,0.00437617609147666,NA
"ENSG00000234745",34778.6535811778,3.11558720689637,0.256909458495573,12.1271798443733,7.58156354492844e-34,1.43801345789238e-31
"ENSG00000234883",21.2264008863928,2.48811339385963,0.505341654223817,4.92362617065728,8.49550580705995e-07,1.15097363772742e-05
"ENSG00000235119",2.24643060171872,3.64583092733509,1.69662890642836,2.14886762421729,0.0316448949053017,NA
"ENSG00000235290",101.054098771987,2.80039835609733,0.315243966232455,8.88327345187751,6.49211157181238e-19,4.84201487467851e-17
"ENSG00000235544",1.28158987865052,-3.6948483366634,1.81910095737757,-2.03113979005867,0.0422408160853676,NA
"ENSG00000235750",84.3455412688456,2.6193618680282,0.317366506387872,8.25342881276491,1.53913569229678e-16,9.43288676933533e-15
"ENSG00000236039",2.6287329945167,2.92918937440926,1.44849892503615,2.02222405814776,0.0431532099394684,NA
"ENSG00000236098",8.88713276382046,6.78282629540587,1.33471630914135,5.08184866623037,3.73779155415809e-07,5.47529226195648e-06
"ENSG00000236133",2.99245922811991,4.96851893755957,1.57640559546662,3.15180239898151,0.00162266043427548,NA
"ENSG00000236453",7.28670353166018,6.49828281137084,1.39895304756067,4.64510429617474,3.39904692206231e-06,4.01642483239608e-05
"ENSG00000236562",11.8882710197712,3.08494881514082,0.731057633199306,4.21984351854757,2.44471948013623e-05,0.000231150485612193
"ENSG00000236854",3.04286056367155,-2.42596193675061,1.23771799063367,-1.96002801535477,0.0499925158987634,NA
"ENSG00000237181",4.34225200911094,2.58716785145489,1.09527570957886,2.36211561055221,0.0181709745374175,NA
"ENSG00000237272",4.4414328372756,5.76269324326707,1.41431816920304,4.07453808396898,4.61057681122943e-05,NA
"ENSG00000237276",62.5879437133882,5.31128341005308,0.560834975743473,9.47031415616003,2.79003306997059e-21,2.47789047722242e-19
"ENSG00000237352",8.82560533717168,2.23725452508669,0.724590230773741,3.08761342627774,0.00201770754524886,0.0105951316015669
"ENSG00000237418",2.00124690245588,-3.40791439189799,1.5668211401562,-2.17505004531548,0.0296263663297652,NA
"ENSG00000237751",1.40618669113671,3.92022397325884,1.97164333119558,1.98830280874465,0.0467782103475218,NA
"ENSG00000237768",2.4179073132384,-2.93574937257838,1.43493200567355,-2.04591531931183,0.0407647028519684,NA
"ENSG00000237927",6.00091509248613,3.28519973148839,1.02584170463623,3.20244314170612,0.00136267197582561,NA
"ENSG00000237988",38.8376452854216,2.14766952251256,0.356567160633068,6.02318373542723,1.7101911117014e-09,4.13036496593351e-08
"ENSG00000238000",448.759319913672,2.08298708236495,0.18937340691377,10.9993642524128,3.84835425282272e-28,5.13160547094579e-26
"ENSG00000238015",18.4142520056653,2.98882430552123,0.557488917700079,5.36122640401826,8.2658841558488e-08,1.41310010254068e-06
"ENSG00000238025",2.26978973783646,4.87672813940338,1.55330068880276,3.13959053424629,0.00169184128269551,NA
"ENSG00000238160",13.3763873662813,2.52907421101375,0.60709346517095,4.16587289454944,3.10163486240584e-05,0.000285771232171915
"ENSG00000238164",1.58853441928892,4.31615289691654,1.84914809392691,2.33413046315324,0.0195888916157063,NA
"ENSG00000239280",1.90055597914904,-3.83587053366639,1.73424956610591,-2.21183306522571,0.0269782015323798,NA
"ENSG00000239440",8.75463124748604,3.32411867356239,0.826996169363833,4.01950915458226,5.83195158130801e-05,0.000499278594132058
"ENSG00000239713",23.0379414315952,4.35218793555788,0.67355036664772,6.46156271463238,1.03627191281025e-10,3.0877684669031e-09
"ENSG00000239920",16.2430163273826,2.65736947841742,0.568676126042166,4.6729049396042,2.96969236554293e-06,3.55297288888937e-05
"ENSG00000240065",3318.72972990357,3.152379934871,0.273819271827254,11.5126298957502,1.13949550129285e-30,1.83001314010549e-28
"ENSG00000240373",1.6877703087578,-4.26258838532896,1.70801573425941,-2.49563765709525,0.0125730960273524,NA
"ENSG00000241106",10.8421794085851,4.99138363500025,1.1389968998946,4.38226270454479,1.17453062585268e-05,0.000121779279064807
"ENSG00000242199",2.59308378410566,-3.89032093073067,1.71821382297079,-2.26416577420167,0.0235639207747274,NA
"ENSG00000243753",194.887851695365,2.20222626890643,0.222832067308278,9.88289654854638,4.93843942714677e-23,5.03034927204089e-21
"ENSG00000243978",86.2055976872938,2.04122582571646,0.293051229712412,6.96542317095763,3.27418067613173e-12,1.23777531333763e-10
"ENSG00000243979",4.40186026429102,-2.02452117132538,0.887675233103027,-2.28070030099669,0.0225661873508055,NA
"ENSG00000244558",4.02441915618262,2.40044788833243,1.06022125931843,2.26410088199474,0.0235679107551439,NA
"ENSG00000244621",1.83687009826177,4.34976832185822,1.6671213995147,2.60914911363051,0.00907676804196397,NA
"ENSG00000244731",2082.47661819298,2.45779970716844,0.288663144511427,8.51442158065715,1.67423876195172e-17,1.1265015669866e-15
"ENSG00000244743",3.1471676319916,-2.5798417832961,1.24830744106075,-2.06667179769743,0.0387650903592338,NA
"ENSG00000245293",4.73692247728655,-2.02885934509752,0.953858338389831,-2.12700278798459,0.0334198515461142,NA
"ENSG00000245556",858.268615584646,2.45435298504453,0.253569647681372,9.67920651184798,3.69573131726743e-22,3.5200640884207e-20
"ENSG00000246375",160.147458800634,2.74841951604793,0.237101351485917,11.5917496835153,4.53767143685498e-31,7.3953960706432e-29
"ENSG00000246528",6.27914947678676,2.14936327896353,0.8249806246313,2.6053500104007,0.00917804483771941,0.0378936653254837
"ENSG00000247317",11.4094513807824,3.34504337696048,0.741135261189655,4.51340470778719,6.37951201981041e-06,7.10693789670221e-05
"ENSG00000248307",1.58277225902052,4.31394082136947,1.73162893061996,2.49126169301466,0.0127290325946833,NA
"ENSG00000248360",3.81806830172851,2.08280305755986,1.03016247695324,2.02181995962409,0.0431949549896132,NA
"ENSG00000248367",5.50856923772116,-2.50178034826264,0.928615050947912,-2.6940984272319,0.00705793187414447,NA
"ENSG00000248734",13.9536492511839,2.08969205031148,0.545131784355283,3.83337040745647,0.000126399403775224,0.00097958424863067
"ENSG00000249272",37.2405056345917,2.35711422651019,0.367043642265678,6.42189090093009,1.34591874013133e-10,3.94312970976956e-09
"ENSG00000249550",1.84078339988039,3.38735454724732,1.58590767467388,2.13590904523738,0.0326868281893359,NA
"ENSG00000249743",5.03192744161073,2.29104743449898,0.968209312947753,2.36627287494663,0.0179681954224548,NA
"ENSG00000249959",2.85020879594825,4.9932017634013,1.56541450346074,3.18969943894258,0.0014242083027436,NA
"ENSG00000250508",4.45810480456808,3.87350490847234,1.31455856405433,2.94662026811933,0.00321267459004789,NA
"ENSG00000250748",1.33791120815428,3.96915251351321,1.97510605825715,2.00958955946681,0.0444746471734996,NA
"ENSG00000250754",1.2264200379126,3.7845326242886,1.86912702501272,2.02475945917204,0.0428920698182892,NA
"ENSG00000250796",4.43791406206492,2.32985240266967,1.02671823560368,2.26922277395782,0.0232547820129673,NA
"ENSG00000250821",4.28633134499249,5.97008829268975,1.47255726470944,4.05423166607225,5.02993503960843e-05,NA
"ENSG00000250980",3.66561154524701,-2.23074073137682,1.05524998793012,-2.11394528016287,0.034519941223758,NA
"ENSG00000251301",20.3563555263565,2.55441587200233,0.503556953950663,5.07274470536377,3.92118404772571e-07,5.71350274291795e-06
"ENSG00000251372",4.10753362565562,3.2837307329293,1.31012189273851,2.50643146346132,0.0121956698525777,NA
"ENSG00000251557",15.1990289776032,2.4082600091921,0.595992030517859,4.04075874487711,5.32785461343892e-05,0.000460965226916567
"ENSG00000251584",1.28398931137693,4.20062952013099,2.1109464078664,1.98992712675103,0.0465989636396449,NA
"ENSG00000251624",20.9209161593306,2.88204950950101,0.591826455172021,4.8697544429022,1.11737017768375e-06,1.46860087511337e-05
"ENSG00000252206",1.85518641252084,3.27593756658392,1.64379358986922,1.99291297080952,0.0462709777473315,NA
"ENSG00000253485",3.79612296126632,-2.50493075744041,1.15721248775816,-2.16462472012651,0.0304164363272284,NA
"ENSG00000253591",5.71410505827154,2.06958378356491,0.8755064700596,2.36387034743903,0.0180851405090699,NA
"ENSG00000253616",8.99001745301375,4.92556248264903,1.17912430915007,4.17730551768494,2.94982692810483e-05,0.000272812492947299
"ENSG00000253958",14.1609721776607,2.70991857863288,0.595240767605547,4.55264277266151,5.29761850401754e-06,6.04868719903446e-05
"ENSG00000254017",4.07711144958308,2.52170047098045,1.07063105450351,2.35534030175302,0.0185057495876636,NA
"ENSG00000254092",2.20231390618649,3.18690213223672,1.56447450238922,2.03704319077733,0.0416457139990605,NA
"ENSG00000254416",16.8767819091343,2.73677531679189,0.574285466824202,4.76553121207516,1.88356735256927e-06,2.35869373313768e-05
"ENSG00000254545",1.26044684549298,-4.13675655495191,1.80924235494485,-2.28645794392648,0.0222274818091928,NA
"ENSG00000254693",5.38184924004807,2.24484311894468,0.85409937550653,2.62831607576502,0.00858087440494874,NA
"ENSG00000254838",6.71705488453654,6.57108591456775,1.48720815728327,4.41840362587263,9.94325999536619e-06,0.00010512811456898
"ENSG00000254910",29.4524382075258,2.19761978920287,0.395902711134198,5.55090866366398,2.84188544733719e-08,5.36253547275411e-07
"ENSG00000254923",2.82523580910723,-3.73957628483298,1.55346446511929,-2.40724932484749,0.0160731924404121,NA
"ENSG00000255099",2.33717166764039,5.17518111204542,1.64921575452475,3.13796487684945,0.00170125261421928,NA
"ENSG00000255443",1.93519667540927,3.23943211531359,1.60874372836972,2.01364086658874,0.0440472525760101,NA
"ENSG00000255562",11.3539921391786,2.39922656650155,0.650481362508547,3.68838633169912,0.000225680806375455,0.0016237505238302
"ENSG00000255580",7.60760305873587,2.11675888000558,0.747909690361927,2.83023325848505,0.00465140788394989,0.0214955421681717
"ENSG00000255581",5.36817408983258,-2.31781795092995,0.883592555172338,-2.623175056605,0.00871144993954753,NA
"ENSG00000256262",9.18539598438213,4.62495207772349,1.15526175570169,4.00338023387121,6.2443819539745e-05,0.000530049736695011
"ENSG00000257057",2.15252558887743,3.47760263609366,1.57209298593629,2.21208456955395,0.0269608220914516,NA
"ENSG00000257108",1.78682784614131,3.34646853725039,1.65640916234988,2.0203151572181,0.0433507075781596,NA
"ENSG00000257180",2.10393602932682,4.29135944467059,1.76516461695814,2.43113837850759,0.0150514648313099,NA
"ENSG00000257452",19.4578415180471,6.88244260651603,1.24963000981558,5.50758428691364,3.63791242988196e-08,6.68972985387631e-07
"ENSG00000257588",15.4132657401815,3.52230441245772,0.687880856613323,5.12051524416489,3.04701983520976e-07,4.57302390274796e-06
"ENSG00000258325",2.2049313837799,-2.85441445278315,1.37802538093663,-2.07138017359523,0.0383232822168695,NA
"ENSG00000258613",5.25224764848206,-2.02449867814793,0.937576280524586,-2.15928956416773,0.0308277092578869,NA
"ENSG00000258659",5.17369434388295,3.23883942188853,1.10235357784768,2.93811304011212,0.00330216597919523,NA
"ENSG00000259070",6.3514257170184,2.65911946070834,0.883395257622507,3.01011289993209,0.00261150597578283,0.0131906231586717
"ENSG00000259316",1.54186975377913,4.40360575612989,1.87952440709874,2.34293619146311,0.0191326549143817,NA
"ENSG00000259757",8.11786752282826,2.14804291112972,0.74448133480247,2.88528779798039,0.00391055992115364,0.0185871979661314
"ENSG00000259771",2.25297440470082,2.74902255771385,1.39456339977383,1.97124243914596,0.048696151774641,NA
"ENSG00000259793",1.98505043336501,3.1208400039091,1.58684307111147,1.96669731287491,0.0492181168738686,NA
"ENSG00000259922",3.88690432273894,4.24505184324795,1.41360189518878,3.00300378607023,0.00267329105657274,NA
"ENSG00000260145",9.58521089930903,2.46266994512015,0.701658817597729,3.50978265127715,0.000448473120671123,0.00296315483513695
"ENSG00000260185",2.44477956494605,3.21980271327478,1.56467514011662,2.05780908172082,0.039608463941491,NA
"ENSG00000260249",15.7998507816902,3.48157865140405,0.662877191729613,5.25222272668598,1.50274586071863e-07,2.42222816318911e-06
"ENSG00000260271",6.80588596853721,3.4008531865451,0.948632573230405,3.58500570454173,0.000337070837521474,0.00231757267723358
"ENSG00000260379",1.81496086023627,-3.43132935211311,1.62481491098366,-2.11182783276883,0.0347012190991332,NA
"ENSG00000260388",1.49400634371824,-3.86348842837858,1.80216407197796,-2.14380504441986,0.0320485109908097,NA
"ENSG00000260727",4.17129572579473,2.89415213192316,1.08813706545128,2.65973122671165,0.00782030299211633,NA
"ENSG00000260738",3.79084551413212,3.28509800983198,1.2997836043826,2.52741917866582,0.011490426745001,NA
"ENSG00000260802",7.98849405488099,5.73391755325136,1.33172773271463,4.30562299815082,1.6651643696e-05,0.000167215638794793
"ENSG00000261025",2.6051824515961,4.8116983067419,1.61826672822846,2.97336540559623,0.00294553559130363,NA
"ENSG00000261189",1.90511993138811,4.31727447451463,1.58237794919592,2.72834595344838,0.00636528126328913,NA
"ENSG00000261618",15.7741125970088,4.61991858980102,0.855841264307712,5.39810217440037,6.73495111464356e-08,1.1779204644228e-06
"ENSG00000261623",1.92987687330448,3.63175543597839,1.61875095197284,2.24355416227073,0.0248611013096029,NA
"ENSG00000261644",5.06153953395721,3.8560791229916,1.21111786465218,3.18390078747541,0.00145304805314068,NA
"ENSG00000261786",4.56753298394046,2.49260184573059,1.08832322383776,2.29031393535912,0.022003124569478,NA
"ENSG00000262117",1.29493776394917,3.67028706355596,1.788039323409,2.05268811233879,0.0401028357114634,NA
"ENSG00000263317",4.93918212123208,3.93434858730532,1.27117098086218,3.09505852992083,0.00196774062406683,NA
"ENSG00000263445",1.16318993345883,-3.85338137725282,1.8974125280906,-2.0308611439024,0.0422690823753747,NA
"ENSG00000263590",10.5144361429943,2.17689423776244,0.666314686149081,3.26706627215985,0.00108668238496777,0.00627347980905828
"ENSG00000264699",1.11490321781483,3.5705210988042,1.81197699557189,1.97051127444214,0.0487798041368874,NA
"ENSG00000264808",3.64935235112584,-2.45990129572712,1.17119424453831,-2.10033588125839,0.0356993050129381,NA
"ENSG00000265717",1.77517337915801,3.79616924632896,1.81349404212505,2.09329016701958,0.0363232598850624,NA
"ENSG00000266786",23.1188267619634,4.99357519509886,0.86021642408244,5.80502191692668,6.43575849963455e-09,1.38551427112485e-07
"ENSG00000266824",2.01965448365732,-3.84945294958321,1.69283558996725,-2.27396740262159,0.0229679465141835,NA
"ENSG00000267057",12.524094924652,4.20566951499686,0.858691723276021,4.89776412302157,9.693329394963e-07,1.29649017232812e-05
"ENSG00000267130",2.43248366733931,-3.62024571467301,1.49602020605511,-2.4199176588793,0.0155240218880425,NA
"ENSG00000267387",8.75854170599995,2.31028776096078,0.726108176164198,3.18174045796497,0.00146392943132548,0.00807409084056105
"ENSG00000267712",1.69363626158547,4.01397288217635,1.63937714578301,2.44847434435788,0.0143462646574972,NA
"ENSG00000268278",39.3327749621828,2.3011375394231,0.422554729753996,5.44577394924151,5.15806091327804e-08,9.23414615247708e-07
"ENSG00000268423",3.47275659889323,-2.11003902007319,1.07026240301271,-1.97151559667384,0.0486649308137034,NA
"ENSG00000268555",17.9675085044077,3.61224608951684,0.66114389828356,5.46363068447707,4.66493553642623e-08,8.41984509207956e-07
"ENSG00000268650",3.21538377289623,3.07039551908618,1.33892905811245,2.29317266697808,0.0218380661066034,NA
"ENSG00000268902",23.011132295557,7.33884389594883,1.2783893467772,5.74069544184637,9.42885312815205e-09,1.97763228337084e-07
"ENSG00000268916",68.3276119446855,8.80571867424899,1.23270006279174,7.14343978721505,9.10238050955795e-13,3.73639134274802e-11
"ENSG00000269404",1.93924717148045,3.38385742347188,1.56142157849952,2.16716450577279,0.0302223127664723,NA
"ENSG00000269720",7.3416481112142,3.44592963976269,0.993614358125804,3.46807552807766,0.000524199936424689,0.00338125095315626
"ENSG00000270120",2.25747295613701,4.59088040489664,1.58629402288973,2.89409172489568,0.0038025706298156,NA
"ENSG00000270240",2.94933339218678,5.35131921987024,1.51764973283176,3.52605683913988,0.00042179643264503,NA
"ENSG00000270379",10.5441356378847,2.82844847076212,0.770973729711297,3.66867036030044,0.000243815203445795,0.00173827557093754
"ENSG00000270578",2.74837613531577,2.75423602102091,1.3630707380289,2.02061121567596,0.0433200269993516,NA
"ENSG00000270751",1.93255964668705,-3.19660693052278,1.60558525702051,-1.99092942373844,0.0464886468597558,NA
"ENSG00000271134",7.46339119794572,6.60162366331755,1.37864763171454,4.78847786153125,1.68051098312484e-06,2.13602557196491e-05
"ENSG00000271283",1.7656795214945,-3.39403410246589,1.71624303723445,-1.9775952640921,0.0479743839701636,NA
"ENSG00000271503",592.67087602477,10.9400264070648,1.05194192094656,10.3998388021467,2.48352972125796e-25,2.83122388223408e-23
"ENSG00000271581",7.46304005099909,3.8845443531419,1.03302923903704,3.76034308260525,0.00016968048469695,0.00127069776184557
"ENSG00000271646",100.432694330229,2.18521800536229,0.287496552932311,7.60084941219028,2.94193289491212e-14,1.44483052575573e-12
"ENSG00000271947",3.98609223875347,2.82813816018824,1.25146846975423,2.25985570434998,0.0238302078431207,NA
"ENSG00000272395",1.42285345935966,4.39685493175789,1.85579659494528,2.36925476840177,0.0178239708866377,NA
"ENSG00000272463",20.3177439638713,3.22059798900707,0.620240606009927,5.19249781101162,2.07491310913473e-07,3.24695862213245e-06
"ENSG00000272514",8.37704314482475,2.65665518291846,0.75399206716818,3.52345243219367,0.000425963550036051,0.00282716441263747
"ENSG00000272669",21.1232299669522,2.15936609130185,0.579683831330538,3.7250755922336,0.000195256702240758,0.00143344610033405
"ENSG00000273141",3.43224222916742,3.98626677334175,1.46210770194448,2.72638381429792,0.00640324914695486,NA
"ENSG00000274011",2.38487822753677,3.47911575474264,1.55770375515192,2.23348999656442,0.0255166492714204,NA
"ENSG00000274213",6.93122215650282,2.23619586490736,0.794190420850158,2.81569231534369,0.00486722561412896,0.022366060560164
"ENSG00000275647",2.77352983288499,3.78927447336395,1.47624422041562,2.56683441734127,0.0102631608106717,NA
"ENSG00000275896",5.47003475479659,-2.13829658304216,0.985564083704719,-2.16961699233635,0.0300358730282229,NA
"ENSG00000276540",1.45287700650257,3.79421080015097,1.91050064012785,1.98597724620341,0.0470358504886398,NA
"ENSG00000277117",95.4606689785099,3.46745463419929,0.343279216647366,10.1009745596141,5.46959001088783e-24,5.84184074852204e-22
"ENSG00000277435",2.91172976898547,3.66216548598691,1.59898407456291,2.2903076673781,0.0220034876615482,NA
"ENSG00000277493",2.60017819272208,-3.23672437668499,1.36186746404446,-2.37668089013053,0.0174691936266684,NA
"ENSG00000277511",68.0152863755193,2.08957334507291,0.29878628042002,6.99353846547265,2.68038328429534e-12,1.03101036750116e-10
"ENSG00000277817",1.94998703796027,3.24588434078232,1.57110201141305,2.0659920980325,0.0388292257213121,NA
"ENSG00000278044",2.1816723489768,4.72325223437753,1.63467347768469,2.88941632616895,0.00385957707917265,NA
"ENSG00000278108",1.14057283209988,-3.9819359861995,1.88092203172471,-2.11701278364434,0.0342587628615042,NA
"ENSG00000278982",1.99251775813345,3.64435626217011,1.69690054434609,2.14765460139238,0.0317412043789399,NA
"ENSG00000279236",6.85796560395451,2.24011059610782,0.791940276220606,2.82863577389744,0.00467468673085251,0.0215759298200581
"ENSG00000279266",1.76596224063908,4.13665122033054,1.73254048036332,2.3876216845814,0.0169577878920321,NA
"ENSG00000279296",36.1961580429289,6.04298058580785,0.893307487146528,6.76472622558085,1.3356151394018e-11,4.59159442142474e-10
"ENSG00000279320",4.6814088807853,4.28831546384943,1.37735357060334,3.11344563616368,0.00184916573279176,NA
"ENSG00000279606",1.61861116331008,3.24334466033129,1.62276266509863,1.99865619913936,0.0456455652357948,NA
"ENSG00000279805",2.578864957165,3.7080264524983,1.50890284485464,2.45743220986206,0.0139934218038083,NA
"ENSG00000279825",2.51746148778095,-2.94938784404386,1.40769124639295,-2.095195130041,0.036153650018035,NA
"ENSG00000279861",18.5969948150834,2.02858033660052,0.480662788542692,4.22038149187898,2.43889241628003e-05,0.000230698671294038
"ENSG00000279964",14.0431664419427,4.60128835965632,0.934934389968068,4.92150936903013,8.58792902231303e-07,1.16277916522419e-05
"ENSG00000280028",3.99868580466693,-2.2302689557755,1.09170148542316,-2.04292930398552,0.0410594369670946,NA
"ENSG00000280248",13.4980575192935,2.48390042314035,0.600821134546037,4.13417618043199,3.56230133046775e-05,0.000324008903980783
"ENSG00000281100",7.60213992545893,2.87510781465029,0.847206351685555,3.3936334506111,0.000689719438586833,0.00427889589575478
"ENSG00000281731",5.68887788384691,-2.14695001992094,0.89725865184585,-2.39278831750935,0.0167208849807612,NA
"ENSG00000282851",99.8644851132965,4.0842302453566,0.338424432836909,12.0683669648782,1.55183243318781e-33,2.86919472226875e-31
"ENSG00000283537",5.55529481731702,2.53426119253065,0.92358190516226,2.74394850999751,0.00607050587678484,NA
"ENSG00000283542",2.80975222520119,4.35126946725745,1.50158355504572,2.89778710790753,0.00375805591594609,NA
"ENSG00000283839",2.12059197910083,3.36121942537888,1.62973632751952,2.06243143054601,0.0391666795066386,NA
"ENSG00000283972",44.2044436885436,4.60840921011414,0.533838849851124,8.63258492970178,5.99807765490317e-18,4.21628449083641e-16
"ENSG00000284543",1.94932772073027,3.48643542615777,1.6657773016587,2.09297810858999,0.0363511087955879,NA
"ENSG00000285210",2.24157299922062,4.53827594827224,1.55867442467254,2.91162533780952,0.00359553622137687,NA
"ENSG00000285637",23.608483323213,4.35378392286756,0.672837100111014,6.47078456605502,9.7495355738183e-11,2.92645677619577e-09
"ENSG00000285700",2.40638118506453,3.54522798995518,1.50331910479917,2.35826710286423,0.0183604767284087,NA
"ENSG00000285731",2.1767748543578,-3.46295038415857,1.61576045525532,-2.14323253975873,0.0320944306425323,NA
"ENSG00000285744",114.792332064709,4.60142640031067,0.527047427659174,8.73057368052707,2.53384070090364e-18,1.82188114710072e-16
"ENSG00000285904",2.57459809116974,-2.87899117273336,1.43866627121516,-2.00115289441077,0.0453759155724517,NA
"ENSG00000285936",6.93897550474393,-2.24406572551668,0.906729155520228,-2.47490191735278,0.0133272770893144,0.0511650236466752
"ENSG00000285964",1.73114108828848,4.21013860037354,1.69481981506504,2.48412165290384,0.012987143255804,NA
"ENSG00000286017",2.21210340458179,-4.36919653039573,1.63921270516741,-2.66542378339455,0.00768913588470417,NA
"ENSG00000286044",3.75651165923311,4.27932144515446,1.58336976193682,2.70266715206174,0.0068785589112808,NA
"ENSG00000286066",2.71546722284201,3.65589768805641,1.49393162428194,2.44716533784711,0.0143984771484347,NA
"ENSG00000286148",3.67625764588208,3.75482076488659,1.44816694003498,2.59280933784877,0.00951955288009476,NA
"ENSG00000286178",2.93754242122354,3.64675499387246,1.54716228036955,2.35706043260143,0.0184202488704012,NA
"ENSG00000286285",6.34024003431868,2.14095049798145,0.802613878824714,2.66747255992694,0.00764241296312425,0.0326121741688634
"ENSG00000286468",25.9779369405004,5.61448658048277,0.874465477422699,6.42047825264672,1.35846877439596e-10,3.9746050497686e-09
"ENSG00000286567",2.11648340505769,-3.29598538693431,1.64710591203894,-2.00107677523556,0.0453841167566964,NA
"ENSG00000286572",3.858256233442,2.08801316189304,1.05015308789517,1.98829407441735,0.0467791757639196,NA
"ENSG00000286576",1.28567532571808,4.04576609235983,1.98283116950597,2.04039867568143,0.0413106337082835,NA
"ENSG00000286913",3.66521435339727,2.366218199357,1.14984617968023,2.05785629519163,0.0396039301878661,NA
"ENSG00000287098",3.90740810398667,-2.40497003242499,1.03656666102545,-2.32013060312572,0.0203338132750251,NA
"ENSG00000287168",1.15300617132248,-4.1366789996772,1.93922875459075,-2.1331567974559,0.0329118658132204,NA
"ENSG00000287174",3.19793758042279,3.43301085418413,1.42100056528316,2.41591097009877,0.0156958986142235,NA
"ENSG00000287181",1.1448316206279,4.00344949345553,1.87355600052338,2.13681869788635,0.0326127407286413,NA
"ENSG00000287188",41.8354850191496,5.03405100123,0.603606477060999,8.33995523994562,7.431866034758e-17,4.71227425062667e-15
"ENSG00000287252",3.39103536271079,2.92067620651091,1.37457405202847,2.12478636723925,0.0336044428821146,NA
"ENSG00000287263",293.070189525789,2.23025535830246,0.382264547268253,5.83432435531979,5.40089676793363e-09,1.17421473011932e-07
"ENSG00000287439",53.7810763469158,2.49674343591687,0.329024814196142,7.58831348941505,3.24096043494329e-14,1.58110003302932e-12
"ENSG00000287536",1.78098683913857,3.80062965117134,1.84542185008479,2.05949097817212,0.039447228392676,NA
"ENSG00000287543",8.41888617719558,3.13084493769386,0.837243303466229,3.73946847318098,0.000184409773562611,0.0013627004969094
"ENSG00000287616",4.38400808479705,2.20365757594276,0.987652518111745,2.23120736851443,0.025667396115951,NA
"ENSG00000287749",2.12431966871053,4.40880532500988,1.57854367416471,2.79295745639905,0.00522285605316967,NA
"ENSG00000287814",5.85877716030822,4.416281147498,1.46047484363954,3.02386663264429,0.00249566429732482,NA
"ENSG00000287907",6.23052126509496,3.8758594761561,1.11020391481457,3.49112394978669,0.000480993049904359,0.00315152146634774
"ENSG00000288103",3.05823266905142,4.11455864013206,1.51902352796883,2.70868657685235,0.00675501192660792,NA
